INSERT INTO m_users (id, username, email, password)
VALUES (1, 'Ivan', 'ivan@gmail.com', '$2a$08$ZO8/2sMEvxM4x8MsFXEG.OUmMmi15Zo3A536eS4Vx0X9iE2qIwEXS'),
       (2, 'Sergey', 'sergey@email.com','$2a$08$V6BIb8k5BG.2SRlZeumtwuLFmMnOa2vMVMQkBVYwEr7P1PQu7PP7a'),
       (3, 'Vega', 'vera@gmail.com','$2a$08$pxJfmoOmoA97q6iZWSrotekTmvGJQCVK5sfEyT99wtClFS7YsDPOK'),
       (4, 'Evgeniy', 'evgeniy@email.com','$2a$08$eF8WfUfOi2rlUnWJClIeNu0k/lciu4LK0eKSXdCCH3awQojzNyAxy'),
       (5, 'Maxim', 'maxim@email.com','$2a$08$2ZONgPFWfFi7R6WPIrlSTeJh.Su8MT0UyGxIzgJQWzIGyi7ehn/hS'),
       (6, 'Aleksey', 'aleksey@email.com','$2a$08$lJN37LY7Hp2XpnEd0gt4bOb7URGig5otlUjPPCsNOTEXFZO3d4./G'),
       (7, 'Andrey', 'andrey@email.com','$2a$08$wE.Tkp0FifLZqlw9gzFHWeBjEK20kEEuWGKcwUg4hf7Qaa9uWr7Bq'),
       (8, 'Anton', 'anton@email.com','$2a$08$heK3DpgMaxi2QVrsBmchNubY3Ab7Ze5gI/3m1o14Svq6xFRODbwyO'),
       (9, 'Lena', 'lena@email.com','$2a$08$HJ11ibvK4E/n.FtxXzZb.OMAc3eqRUvxp6tz9m1Zy4BWJJJbduEue'),
       (10, 'Egor1', 'egor1@email.com','$2a$08$KY.4RkKv.L.eD3kfzYeLuecXjcKmWQHhV8866m6CDmkYMnnnZOAC6'),
       (11, 'Ivan1', 'ivan1@gmail.com','$2a$08$xl3tblD.HcS6sXg8QqSSe.VxpvB80h.nLn543SWP7YAZNAxvoIq4G'),
       (12, 'Sergey1', 'sergey1@email.com','$2a$08$OHf2ZlfqgtPL6aLm0oSNjObgI9wQxUYfsuce.yGi/vKnwXiSiLowe'),
       (13, 'Vega1', 'vera1@gmail.com','$2a$08$otNPRJjmBkNXtik2k2sAeudFRGjRU56pjI5eLh8.JDOszvpydAZiu'),
       (14, 'Evgeniy1', 'evgeniy1@email.com','$2a$08$5/1HnOqEOQ.6W6Gh7hT.jOx2RZO26EeBDNSqGBZby.tdTr0HU43MC'),
       (15, 'Maxim1', 'maxim1@email.com','$2a$08$m7iVzEk5jK0ppq/fMh1bQO7oA93KRwngG9dvvK3iqQLs.gqwPl/Xy'),
       (16, 'Aleksey1', 'aleksey1@email.com','$2a$08$1v5Y0oD2WIgWKZuEORrbA.KOcMYmlC9gJnrv175nWwCeDUUBMieQG'),
       (17, 'Andrey1', 'andrey1@email.com','$2a$08$qkT4Y7PPboG4W4xnaFbKWug66wLUTE4GBS62PpB2j.nOIxivN8uHe'),
       (18, 'Anton1', 'anton1@email.com','$2a$08$VPNkvwSV8GzcSoNW.KhW3OkYOOwNWdAS5QkK.kGk4rg4IzXz4Lthu'),
       (19, 'Lena1', 'lena1@email.com','$2a$08$ygk.fxp1hR7ec7r5bWRwXe6iC1l974hnQKwYVr7USVdH5PZJGDkgW'),
       (20, 'Egor1', 'egor1@email.com','$2a$08$2d8zW2Rs7NuH6r/zkHS1E.oCvYpCIfQCmyzDiiv11bCV.pisr2OvO'),
       (21, 'Ivan2', 'ivan2@gmail.com','$2a$08$nRhEPlYXruowsOwNVwHmV.PspCT8SESql5kPZDHyWMiXonMyuXthy'),
       (22, 'Sergey2', 'sergey2@email.com','$2a$08$gfKqIJkvlKPWoPQub9PtmOyI9tMRILa6GaCvX2xxPBQSHdIJyzetW'),
       (23, 'Vega2', 'vera2@gmail.com','$2a$08$.o.G6Ig0X31ZvWCEK7X34e/90yU3S8iBzPsG8pbW.Q35.oTnzc4zy'),
       (24, 'Evgeniy2', 'evgeniy2@email.com','$2a$08$Q/SBZjuplEJiq/8/.lyI1e2jJWGNohNT/W0QsZREMh6fv/QV2iPnO'),
       (25, 'Maxim2', 'maxim2@email.com','$2a$08$RrS3k8Ju3HsQQMayjyWoo.GFJKPZHN3qRWM0m6IQdFu3ArqQcylly'),
       (26, 'Aleksey2', 'aleksey2@email.com','$2a$08$Oywf3x2yi6FIajm5vy6COeQ8.VH9aGa56JZz94kvJ1sBqro1deXrm'),
       (27, 'Andrey2', 'andrey2@email.com','$2a$08$/rFFtQXipTqEIDNgB6YQkuNC27Jc0EQ4rxJKU3qfLMCx2rWx45nlC'),
       (28, 'Anton2', 'anton2@email.com','$2a$08$a9exxqlq66uk7K7Yv1Mr2OMfbK9bpJhKIot.wfbSTNYd9duoB2gWm'),
       (29, 'Lena2', 'lena2@email.com','$2a$08$mQLUqbu24AYEH/2C/3jucOxqlXTQVtp5FbyeHHSUGnO9hfDu/U9Fe'),
       (30, 'Egor2', 'egor2@email.com','$2a$08$mPB1SD6EPLn6fvq2PJHlxueK5K4GEVaEvRoVCSfo./7UZFX2bDwQ2'),
       (31, 'Ivan3', 'ivan3@gmail.com','$2a$08$plzpKbQGMw.pNkARmqy8pefPqz/teXsDQgci/meEFbmKCLC3sloya'),
       (32, 'Sergey3', 'sergey3@email.com','$2a$08$ix3KLBGY4OfsGPY.tTbcJ.3J8kSEOxo1qv/Bb7FwjYmvAv2rKPFdS'),
       (33, 'Vega3', 'vera3@gmail.com','$2a$08$RbpBwZy0JyG4grK4YdcSUu8OXKVCQ5.F0ZJl3K2QvtU9tZleuGPT.'),
       (34, 'Evgeniy3', 'evgeniy3@email.com','$2a$08$gEtbgSmevFNN89hSiZcLoOd1zeVsLJvuoblh38NC1yAprqSK7tY3m'),
       (35, 'Maxim3', 'maxim3@email.com','$2a$08$SUHWqanLm/3B6RZ.tq7JbOu6QS6PTNSVGZ/dl4NeZn9zZrcD3eWg6'),
       (36, 'Aleksey3', 'aleksey3@email.com','$2a$08$gMNRsSli9fYvMSSNXDhLeOU4LWsVnQqVAHIJLDy8xjj7APIM7oWhu'),
       (37, 'Andrey3', 'andrey3@email.com','$2a$08$fgnyp.NXCm4B3TPlrY0wSuHyjSB7q0F7A2PLRhIyhxKNSqiP7hZVe'),
       (38, 'Anton3', 'anton3@email.com','$2a$08$oDUrbXtnx0RmJWYLqpA.QeptfeNvKTFcFvT.JkzJiDwQFofdUMzuS'),
       (39, 'Lena3', 'lena3@email.com','$2a$08$zyR2//MuVFzFUP2kXuwsAOfACqAycB75p03gDiG947k5S7aFJ.gsK'),
       (40, 'Egor3', 'egor3@email.com','$2a$08$IvStkjws9i48pe1fV0JBbefe7W.c09vdzz5bQ14tdM7B8BHZWKnOG'),
       (41, 'Ivan4', 'ivan4@gmail.com','$2a$08$YjPhbMWzmdcp/cWkX10jzuthgiDiAd/U8vCU9Bl/Dh9ESlfNfQnOm'),
       (42, 'Sergey4', 'sergey4@email.com','$2a$08$Iu0C4Y00aipmE4YhCBZ.9.tlvo4GN0VTGgEGOHYuv8O0QFGeYZrVW'),
       (43, 'Vega4', 'vera4@gmail.com','$2a$08$wup8GjZ2Bd5DuvOqVZiLh.oeJCsVDQ74Pb/go8pcSCX/OIg198VZe'),
       (44, 'Evgeniy4', 'evgeniy4@email.com','$2a$08$H.t2vylfdmKEeHChWmkYJeXH9/RsiSW7VSxLtEVRvLA6NpOK.iUKa'),
       (45, 'Maxim4', 'maxim4@email.com','$2a$08$QcBlANQzT2xk8FSIHK6Uley3wLuwvGV1RsGByPdBDEzf55BTmBH1.'),
       (46, 'Aleksey4', 'aleksey4@email.com','$2a$08$8KNZth85A8zgxGGHIG9B1OrySZ/MfYa.6PO0eG8V0ipr79mDDRgby'),
       (47, 'Andrey4', 'andrey4@email.com','$2a$08$5IZgLd6KXiqFF2ycN9LLK.lYOXbxKNOYLCTx.OKauz.2aSZfYfq.S'),
       (48, 'Anton4', 'anton4@email.com','$2a$08$PJFWMz8P4Ibpg0EJF0OZIORjl3sMKJOlJw5Z.Omo2KxUbpFvx8AY2'),
       (49, 'Lena4', 'lena4@email.com','$2a$08$cM634FRVxNLfItXTMnvzK.ecF11XcheuTqA2zNoHYKnXIZaXk.WeC'),
       (50, 'Egor4', 'egor4@email.com','$2a$08$62ZznjOCBXPbYLzfKPCcrOHyZVEDlKZ5FHg6aMAmia3UlWwUmU1rS');

INSERT INTO m_roles (user_id, role_name)
values (1, 'USER'),
       (2, 'USER'),
       (3, 'USER'),
       (4, 'USER'),
       (5, 'USER'),
       (6, 'USER'),
       (7, 'USER'),
       (8, 'USER'),
       (9, 'USER'),
       (10, 'USER'),
       (11, 'USER'),
       (12, 'USER'),
       (13, 'USER'),
       (14, 'USER'),
       (15, 'USER'),
       (16, 'USER'),
       (17, 'USER'),
       (18, 'USER'),
       (19, 'USER'),
       (20, 'USER'),
       (21, 'USER'),
       (22, 'USER'),
       (23, 'USER'),
       (24, 'USER'),
       (25, 'USER'),
       (26, 'USER'),
       (27, 'USER'),
       (28, 'USER'),
       (29, 'USER'),
       (30, 'USER'),
       (41, 'USER'),
       (42, 'USER'),
       (43, 'USER'),
       (44, 'USER'),
       (45, 'USER'),
       (46, 'USER'),
       (47, 'USER'),
       (48, 'USER'),
       (49, 'USER'),
       (50, 'USER'),
       (1, 'ADMIN'),
       (2, 'ADMIN'),
       (3, 'ADMIN'),
       (4, 'ADMIN'),
       (5, 'ADMIN'),
       (6, 'ADMIN'),
       (7, 'ADMIN'),
       (8, 'ADMIN'),
       (9, 'ADMIN'),
       (10, 'ADMIN');

INSERT INTO m_message (id, text, user_id)
values (1, 'kek', 1),
       (2, 'lol', 2),
       (3, 'kek lol', 3);

INSERT INTO m_goods (id, good_name)
VALUES (1, 'milk'),
       (2, 'cola'),
       (3, 'meat'),
       (4, 'juice'),
       (5, 'apple'),
       (6, 'bear'),
       (7, 'cheese'),
       (8, 'sauce'),
       (9, 'biscuits'),
       (10, 'sausage'),
       (11, 'ice cream'),
       (12, 'fish'),
       (13, 'pizza'),
       (14, 'water'),
       (15, 'chocolate'),
       (16, 'potato'),
       (17, 'tomato'),
       (18, 'onion'),
       (19, 'garlic'),
       (20, 'Strawberry');

INSERT INTO l_user_goods (good_id, user_id)
VALUES (1, 1),
       (1, 2),
       (7, 3),
       (9, 2),
       (11, 2),
       (12, 3),
       (20, 2),
       (1, 3),
       (12, 2),
       (1, 18),
       (14, 12),
       (16, 27),
       (15, 25),
       (1, 12),
       (1, 13),
       (7, 8),
       (10, 9),
       (5, 40),
       (5, 3),
       (5, 2),
       (6, 7),
       (10, 14),
       (3, 4),
       (3, 5),
       (5, 5);