-- INSERT INTO m_users (id, username, email, password)
-- VALUES (1, 'Ivan', 'ivan@gmail.com', '$2a$08$ZO8/2sMEvxM4x8MsFXEG.OUmMmi15Zo3A536eS4Vx0X9iE2qIwEXS'),
--        (2, 'Sergey', 'sergey@email.com','$2a$08$V6BIb8k5BG.2SRlZeumtwuLFmMnOa2vMVMQkBVYwEr7P1PQu7PP7a'),
--        (3, 'Vega', 'vera@gmail.com','$2a$08$pxJfmoOmoA97q6iZWSrotekTmvGJQCVK5sfEyT99wtClFS7YsDPOK'),
--        (4, 'Evgeniy', 'evgeniy@email.com','$2a$08$eF8WfUfOi2rlUnWJClIeNu0k/lciu4LK0eKSXdCCH3awQojzNyAxy'),
--        (5, 'Maxim', 'maxim@email.com','$2a$08$2ZONgPFWfFi7R6WPIrlSTeJh.Su8MT0UyGxIzgJQWzIGyi7ehn/hS'),
--        (6, 'Aleksey', 'aleksey@email.com','$2a$08$lJN37LY7Hp2XpnEd0gt4bOb7URGig5otlUjPPCsNOTEXFZO3d4./G'),
--        (7, 'Andrey', 'andrey@email.com','$2a$08$wE.Tkp0FifLZqlw9gzFHWeBjEK20kEEuWGKcwUg4hf7Qaa9uWr7Bq'),
--        (8, 'Anton', 'anton@email.com','$2a$08$heK3DpgMaxi2QVrsBmchNubY3Ab7Ze5gI/3m1o14Svq6xFRODbwyO'),
--        (9, 'Lena', 'lena@email.com','$2a$08$HJ11ibvK4E/n.FtxXzZb.OMAc3eqRUvxp6tz9m1Zy4BWJJJbduEue'),
--        (10, 'Egor1', 'egor1@email.com','$2a$08$KY.4RkKv.L.eD3kfzYeLuecXjcKmWQHhV8866m6CDmkYMnnnZOAC6'),
--        (11, 'Ivan1', 'ivan1@gmail.com','$2a$08$xl3tblD.HcS6sXg8QqSSe.VxpvB80h.nLn543SWP7YAZNAxvoIq4G'),
--        (12, 'Sergey1', 'sergey1@email.com','$2a$08$OHf2ZlfqgtPL6aLm0oSNjObgI9wQxUYfsuce.yGi/vKnwXiSiLowe'),
--        (13, 'Vega1', 'vera1@gmail.com','$2a$08$otNPRJjmBkNXtik2k2sAeudFRGjRU56pjI5eLh8.JDOszvpydAZiu'),
--        (14, 'Evgeniy1', 'evgeniy1@email.com','$2a$08$5/1HnOqEOQ.6W6Gh7hT.jOx2RZO26EeBDNSqGBZby.tdTr0HU43MC'),
--        (15, 'Maxim1', 'maxim1@email.com','$2a$08$m7iVzEk5jK0ppq/fMh1bQO7oA93KRwngG9dvvK3iqQLs.gqwPl/Xy'),
--        (16, 'Aleksey1', 'aleksey1@email.com','$2a$08$1v5Y0oD2WIgWKZuEORrbA.KOcMYmlC9gJnrv175nWwCeDUUBMieQG'),
--        (17, 'Andrey1', 'andrey1@email.com','$2a$08$qkT4Y7PPboG4W4xnaFbKWug66wLUTE4GBS62PpB2j.nOIxivN8uHe'),
--        (18, 'Anton1', 'anton1@email.com','$2a$08$VPNkvwSV8GzcSoNW.KhW3OkYOOwNWdAS5QkK.kGk4rg4IzXz4Lthu'),
--        (19, 'Lena1', 'lena1@email.com','$2a$08$ygk.fxp1hR7ec7r5bWRwXe6iC1l974hnQKwYVr7USVdH5PZJGDkgW'),
--        (20, 'Egor1', 'egor1@email.com','$2a$08$2d8zW2Rs7NuH6r/zkHS1E.oCvYpCIfQCmyzDiiv11bCV.pisr2OvO'),
--        (21, 'Ivan2', 'ivan2@gmail.com','$2a$08$nRhEPlYXruowsOwNVwHmV.PspCT8SESql5kPZDHyWMiXonMyuXthy'),
--        (22, 'Sergey2', 'sergey2@email.com','$2a$08$gfKqIJkvlKPWoPQub9PtmOyI9tMRILa6GaCvX2xxPBQSHdIJyzetW'),
--        (23, 'Vega2', 'vera2@gmail.com','$2a$08$.o.G6Ig0X31ZvWCEK7X34e/90yU3S8iBzPsG8pbW.Q35.oTnzc4zy'),
--        (24, 'Evgeniy2', 'evgeniy2@email.com','$2a$08$Q/SBZjuplEJiq/8/.lyI1e2jJWGNohNT/W0QsZREMh6fv/QV2iPnO'),
--        (25, 'Maxim2', 'maxim2@email.com','$2a$08$RrS3k8Ju3HsQQMayjyWoo.GFJKPZHN3qRWM0m6IQdFu3ArqQcylly'),
--        (26, 'Aleksey2', 'aleksey2@email.com','$2a$08$Oywf3x2yi6FIajm5vy6COeQ8.VH9aGa56JZz94kvJ1sBqro1deXrm'),
--        (27, 'Andrey2', 'andrey2@email.com','$2a$08$/rFFtQXipTqEIDNgB6YQkuNC27Jc0EQ4rxJKU3qfLMCx2rWx45nlC'),
--        (28, 'Anton2', 'anton2@email.com','$2a$08$a9exxqlq66uk7K7Yv1Mr2OMfbK9bpJhKIot.wfbSTNYd9duoB2gWm'),
--        (29, 'Lena2', 'lena2@email.com','$2a$08$mQLUqbu24AYEH/2C/3jucOxqlXTQVtp5FbyeHHSUGnO9hfDu/U9Fe'),
--        (30, 'Egor2', 'egor2@email.com','$2a$08$mPB1SD6EPLn6fvq2PJHlxueK5K4GEVaEvRoVCSfo./7UZFX2bDwQ2'),
--        (31, 'Ivan3', 'ivan3@gmail.com','$2a$08$plzpKbQGMw.pNkARmqy8pefPqz/teXsDQgci/meEFbmKCLC3sloya'),
--        (32, 'Sergey3', 'sergey3@email.com','$2a$08$ix3KLBGY4OfsGPY.tTbcJ.3J8kSEOxo1qv/Bb7FwjYmvAv2rKPFdS'),
--        (33, 'Vega3', 'vera3@gmail.com','$2a$08$RbpBwZy0JyG4grK4YdcSUu8OXKVCQ5.F0ZJl3K2QvtU9tZleuGPT.'),
--        (34, 'Evgeniy3', 'evgeniy3@email.com','$2a$08$gEtbgSmevFNN89hSiZcLoOd1zeVsLJvuoblh38NC1yAprqSK7tY3m'),
--        (35, 'Maxim3', 'maxim3@email.com','$2a$08$SUHWqanLm/3B6RZ.tq7JbOu6QS6PTNSVGZ/dl4NeZn9zZrcD3eWg6'),
--        (36, 'Aleksey3', 'aleksey3@email.com','$2a$08$gMNRsSli9fYvMSSNXDhLeOU4LWsVnQqVAHIJLDy8xjj7APIM7oWhu'),
--        (37, 'Andrey3', 'andrey3@email.com','$2a$08$fgnyp.NXCm4B3TPlrY0wSuHyjSB7q0F7A2PLRhIyhxKNSqiP7hZVe'),
--        (38, 'Anton3', 'anton3@email.com','$2a$08$oDUrbXtnx0RmJWYLqpA.QeptfeNvKTFcFvT.JkzJiDwQFofdUMzuS'),
--        (39, 'Lena3', 'lena3@email.com','$2a$08$zyR2//MuVFzFUP2kXuwsAOfACqAycB75p03gDiG947k5S7aFJ.gsK'),
--        (40, 'Egor3', 'egor3@email.com','$2a$08$IvStkjws9i48pe1fV0JBbefe7W.c09vdzz5bQ14tdM7B8BHZWKnOG'),
--        (41, 'Ivan4', 'ivan4@gmail.com','$2a$08$YjPhbMWzmdcp/cWkX10jzuthgiDiAd/U8vCU9Bl/Dh9ESlfNfQnOm'),
--        (42, 'Sergey4', 'sergey4@email.com','$2a$08$Iu0C4Y00aipmE4YhCBZ.9.tlvo4GN0VTGgEGOHYuv8O0QFGeYZrVW'),
--        (43, 'Vega4', 'vera4@gmail.com','$2a$08$wup8GjZ2Bd5DuvOqVZiLh.oeJCsVDQ74Pb/go8pcSCX/OIg198VZe'),
--        (44, 'Evgeniy4', 'evgeniy4@email.com','$2a$08$H.t2vylfdmKEeHChWmkYJeXH9/RsiSW7VSxLtEVRvLA6NpOK.iUKa'),
--        (45, 'Maxim4', 'maxim4@email.com','$2a$08$QcBlANQzT2xk8FSIHK6Uley3wLuwvGV1RsGByPdBDEzf55BTmBH1.'),
--        (46, 'Aleksey4', 'aleksey4@email.com','$2a$08$8KNZth85A8zgxGGHIG9B1OrySZ/MfYa.6PO0eG8V0ipr79mDDRgby'),
--        (47, 'Andrey4', 'andrey4@email.com','$2a$08$5IZgLd6KXiqFF2ycN9LLK.lYOXbxKNOYLCTx.OKauz.2aSZfYfq.S'),
--        (48, 'Anton4', 'anton4@email.com','$2a$08$PJFWMz8P4Ibpg0EJF0OZIORjl3sMKJOlJw5Z.Omo2KxUbpFvx8AY2'),
--        (49, 'Lena4', 'lena4@email.com','$2a$08$cM634FRVxNLfItXTMnvzK.ecF11XcheuTqA2zNoHYKnXIZaXk.WeC'),
--        (50, 'Egor4', 'egor4@email.com','$2a$08$62ZznjOCBXPbYLzfKPCcrOHyZVEDlKZ5FHg6aMAmia3UlWwUmU1rS');

INSERT INTO m_users (id, username, email, password)
VALUES (1, 'Ivan', 'ivan@gmail.com', '$2a$08$ZO8/2sMEvxM4x8MsFXEG.OUmMmi15Zo3A536eS4Vx0X9iE2qIwEXS'),
       (2, 'Sergey', 'sergey@email.com', '$2a$08$V6BIb8k5BG.2SRlZeumtwuLFmMnOa2vMVMQkBVYwEr7P1PQu7PP7a'),
       (3, 'Vega', 'vera@gmail.com', '$2a$08$pxJfmoOmoA97q6iZWSrotekTmvGJQCVK5sfEyT99wtClFS7YsDPOK'),
       (4, 'Evgeniy', 'evgeniy@email.com', '$2a$08$eF8WfUfOi2rlUnWJClIeNu0k/lciu4LK0eKSXdCCH3awQojzNyAxy'),
       (5, 'Maxim', 'maxim@email.com', '$2a$08$2ZONgPFWfFi7R6WPIrlSTeJh.Su8MT0UyGxIzgJQWzIGyi7ehn/hS'),
       (6, 'Aleksey', 'aleksey@email.com', '$2a$08$lJN37LY7Hp2XpnEd0gt4bOb7URGig5otlUjPPCsNOTEXFZO3d4./G'),
       (7, 'Andrey', 'andrey@email.com', '$2a$08$wE.Tkp0FifLZqlw9gzFHWeBjEK20kEEuWGKcwUg4hf7Qaa9uWr7Bq'),
       (8, 'Anton', 'anton@email.com', '$2a$08$heK3DpgMaxi2QVrsBmchNubY3Ab7Ze5gI/3m1o14Svq6xFRODbwyO'),
       (9, 'Lena', 'lena@email.com', '$2a$08$HJ11ibvK4E/n.FtxXzZb.OMAc3eqRUvxp6tz9m1Zy4BWJJJbduEue'),
       (10, 'Egor1', 'egor1@email.com1', '$2a$08$KY.4RkKv.L.eD3kfzYeLuecXjcKmWQHhV8866m6CDmkYMnnnZOAC6'),
       (11, 'Ivan1', 'ivan1@gmail.com1', '$2a$08$xl3tblD.HcS6sXg8QqSSe.VxpvB80h.nLn543SWP7YAZNAxvoIq4G'),
       (12, 'Sergey1', 'sergey1@email.com1', '$2a$08$OHf2ZlfqgtPL6aLm0oSNjObgI9wQxUYfsuce.yGi/vKnwXiSiLowe'),
       (13, 'Vega1', 'vera1@gmail.com1', '$2a$08$otNPRJjmBkNXtik2k2sAeudFRGjRU56pjI5eLh8.JDOszvpydAZiu'),
       (14, 'Evgeniy1', 'evgeniy1@email.com1', '$2a$08$5/1HnOqEOQ.6W6Gh7hT.jOx2RZO26EeBDNSqGBZby.tdTr0HU43MC'),
       (15, 'Maxim1', 'maxim1@email.com1', '$2a$08$m7iVzEk5jK0ppq/fMh1bQO7oA93KRwngG9dvvK3iqQLs.gqwPl/Xy'),
       (16, 'Aleksey1', 'aleksey1@email.com1', '$2a$08$1v5Y0oD2WIgWKZuEORrbA.KOcMYmlC9gJnrv175nWwCeDUUBMieQG'),
       (17, 'Andrey1', 'andrey1@email.com1', '$2a$08$qkT4Y7PPboG4W4xnaFbKWug66wLUTE4GBS62PpB2j.nOIxivN8uHe'),
       (18, 'Anton1', 'anton1@email.com1', '$2a$08$VPNkvwSV8GzcSoNW.KhW3OkYOOwNWdAS5QkK.kGk4rg4IzXz4Lthu'),
       (19, 'Lena1', 'lena1@email.com1', '$2a$08$ygk.fxp1hR7ec7r5bWRwXe6iC1l974hnQKwYVr7USVdH5PZJGDkgW'),
       (20, 'Egor2', 'egor1@email.com2', '$2a$08$2d8zW2Rs7NuH6r/zkHS1E.oCvYpCIfQCmyzDiiv11bCV.pisr2OvO'),
       (21, 'Ivan2', 'ivan1@gmail.com2', '$2a$08$nRhEPlYXruowsOwNVwHmV.PspCT8SESql5kPZDHyWMiXonMyuXthy'),
       (22, 'Sergey2', 'sergey1@email.com2', '$2a$08$gfKqIJkvlKPWoPQub9PtmOyI9tMRILa6GaCvX2xxPBQSHdIJyzetW'),
       (23, 'Vega2', 'vera1@gmail.com2', '$2a$08$.o.G6Ig0X31ZvWCEK7X34e/90yU3S8iBzPsG8pbW.Q35.oTnzc4zy'),
       (24, 'Evgeniy2', 'evgeniy1@email.com2', '$2a$08$Q/SBZjuplEJiq/8/.lyI1e2jJWGNohNT/W0QsZREMh6fv/QV2iPnO'),
       (25, 'Maxim2', 'maxim1@email.com2', '$2a$08$RrS3k8Ju3HsQQMayjyWoo.GFJKPZHN3qRWM0m6IQdFu3ArqQcylly'),
       (26, 'Aleksey2', 'aleksey1@email.com2', '$2a$08$Oywf3x2yi6FIajm5vy6COeQ8.VH9aGa56JZz94kvJ1sBqro1deXrm'),
       (27, 'Andrey2', 'andrey1@email.com2', '$2a$08$/rFFtQXipTqEIDNgB6YQkuNC27Jc0EQ4rxJKU3qfLMCx2rWx45nlC'),
       (28, 'Anton2', 'anton1@email.com2', '$2a$08$a9exxqlq66uk7K7Yv1Mr2OMfbK9bpJhKIot.wfbSTNYd9duoB2gWm'),
       (29, 'Lena2', 'lena1@email.com2', '$2a$08$mQLUqbu24AYEH/2C/3jucOxqlXTQVtp5FbyeHHSUGnO9hfDu/U9Fe'),
       (30, 'Egor3', 'egor1@email.com3', '$2a$08$mPB1SD6EPLn6fvq2PJHlxueK5K4GEVaEvRoVCSfo./7UZFX2bDwQ2'),
       (31, 'Ivan3', 'ivan1@gmail.com3', '$2a$08$plzpKbQGMw.pNkARmqy8pefPqz/teXsDQgci/meEFbmKCLC3sloya'),
       (32, 'Sergey3', 'sergey1@email.com3', '$2a$08$ix3KLBGY4OfsGPY.tTbcJ.3J8kSEOxo1qv/Bb7FwjYmvAv2rKPFdS'),
       (33, 'Vega3', 'vera1@gmail.com3', '$2a$08$RbpBwZy0JyG4grK4YdcSUu8OXKVCQ5.F0ZJl3K2QvtU9tZleuGPT.'),
       (34, 'Evgeniy3', 'evgeniy1@email.com3', '$2a$08$gEtbgSmevFNN89hSiZcLoOd1zeVsLJvuoblh38NC1yAprqSK7tY3m'),
       (35, 'Maxim3', 'maxim1@email.com3', '$2a$08$SUHWqanLm/3B6RZ.tq7JbOu6QS6PTNSVGZ/dl4NeZn9zZrcD3eWg6'),
       (36, 'Aleksey3', 'aleksey1@email.com3', '$2a$08$gMNRsSli9fYvMSSNXDhLeOU4LWsVnQqVAHIJLDy8xjj7APIM7oWhu'),
       (37, 'Andrey3', 'andrey1@email.com3', '$2a$08$fgnyp.NXCm4B3TPlrY0wSuHyjSB7q0F7A2PLRhIyhxKNSqiP7hZVe'),
       (38, 'Anton3', 'anton1@email.com3', '$2a$08$oDUrbXtnx0RmJWYLqpA.QeptfeNvKTFcFvT.JkzJiDwQFofdUMzuS'),
       (39, 'Lena3', 'lena1@email.com3', '$2a$08$zyR2//MuVFzFUP2kXuwsAOfACqAycB75p03gDiG947k5S7aFJ.gsK'),
       (40, 'Egor4', 'egor1@email.com4', '$2a$08$IvStkjws9i48pe1fV0JBbefe7W.c09vdzz5bQ14tdM7B8BHZWKnOG'),
       (41, 'Ivan4', 'ivan1@gmail.com4', '$2a$08$YjPhbMWzmdcp/cWkX10jzuthgiDiAd/U8vCU9Bl/Dh9ESlfNfQnOm'),
       (42, 'Sergey4', 'sergey1@email.com4', '$2a$08$Iu0C4Y00aipmE4YhCBZ.9.tlvo4GN0VTGgEGOHYuv8O0QFGeYZrVW'),
       (43, 'Vega4', 'vera1@gmail.com4', '$2a$08$wup8GjZ2Bd5DuvOqVZiLh.oeJCsVDQ74Pb/go8pcSCX/OIg198VZe'),
       (44, 'Evgeniy4', 'evgeniy1@email.com4', '$2a$08$H.t2vylfdmKEeHChWmkYJeXH9/RsiSW7VSxLtEVRvLA6NpOK.iUKa'),
       (45, 'Maxim4', 'maxim1@email.com4', '$2a$08$QcBlANQzT2xk8FSIHK6Uley3wLuwvGV1RsGByPdBDEzf55BTmBH1.'),
       (46, 'Aleksey4', 'aleksey1@email.com4', '$2a$08$8KNZth85A8zgxGGHIG9B1OrySZ/MfYa.6PO0eG8V0ipr79mDDRgby'),
       (47, 'Andrey4', 'andrey1@email.com4', '$2a$08$5IZgLd6KXiqFF2ycN9LLK.lYOXbxKNOYLCTx.OKauz.2aSZfYfq.S'),
       (48, 'Anton4', 'anton1@email.com4', '$2a$08$PJFWMz8P4Ibpg0EJF0OZIORjl3sMKJOlJw5Z.Omo2KxUbpFvx8AY2'),
       (49, 'Lena4', 'lena1@email.com4', '$2a$08$cM634FRVxNLfItXTMnvzK.ecF11XcheuTqA2zNoHYKnXIZaXk.WeC'),
       (50, 'Egor5', 'egor1@email.com5', '$2a$08$62ZznjOCBXPbYLzfKPCcrOHyZVEDlKZ5FHg6aMAmia3UlWwUmU1rS'),
       (51, 'Ivan5', 'ivan1@gmail.com5', '$2a$08$ZO8/2sMEvxM4x8MsFXEG.OUmMmi15Zo3A536eS4Vx0X9iE2qIwEXS'),
       (52, 'Sergey5', 'sergey1@email.com5', '$2a$08$V6BIb8k5BG.2SRlZeumtwuLFmMnOa2vMVMQkBVYwEr7P1PQu7PP7a'),
       (53, 'Vega5', 'vera1@gmail.com5', '$2a$08$pxJfmoOmoA97q6iZWSrotekTmvGJQCVK5sfEyT99wtClFS7YsDPOK'),
       (54, 'Evgeniy5', 'evgeniy1@email.com5', '$2a$08$eF8WfUfOi2rlUnWJClIeNu0k/lciu4LK0eKSXdCCH3awQojzNyAxy'),
       (55, 'Maxim5', 'maxim1@email.com5', '$2a$08$2ZONgPFWfFi7R6WPIrlSTeJh.Su8MT0UyGxIzgJQWzIGyi7ehn/hS'),
       (56, 'Aleksey5', 'aleksey1@email.com5', '$2a$08$lJN37LY7Hp2XpnEd0gt4bOb7URGig5otlUjPPCsNOTEXFZO3d4./G'),
       (57, 'Andrey5', 'andrey1@email.com5', '$2a$08$wE.Tkp0FifLZqlw9gzFHWeBjEK20kEEuWGKcwUg4hf7Qaa9uWr7Bq'),
       (58, 'Anton5', 'anton1@email.com5', '$2a$08$heK3DpgMaxi2QVrsBmchNubY3Ab7Ze5gI/3m1o14Svq6xFRODbwyO'),
       (59, 'Lena5', 'lena1@email.com5', '$2a$08$HJ11ibvK4E/n.FtxXzZb.OMAc3eqRUvxp6tz9m1Zy4BWJJJbduEue'),
       (60, 'Egor6', 'egor1@email.com6', '$2a$08$KY.4RkKv.L.eD3kfzYeLuecXjcKmWQHhV8866m6CDmkYMnnnZOAC6'),
       (61, 'Ivan6', 'ivan1@gmail.com6', '$2a$08$xl3tblD.HcS6sXg8QqSSe.VxpvB80h.nLn543SWP7YAZNAxvoIq4G'),
       (62, 'Sergey6', 'sergey1@email.com6', '$2a$08$OHf2ZlfqgtPL6aLm0oSNjObgI9wQxUYfsuce.yGi/vKnwXiSiLowe'),
       (63, 'Vega6', 'vera1@gmail.com6', '$2a$08$otNPRJjmBkNXtik2k2sAeudFRGjRU56pjI5eLh8.JDOszvpydAZiu'),
       (64, 'Evgeniy6', 'evgeniy1@email.com6', '$2a$08$5/1HnOqEOQ.6W6Gh7hT.jOx2RZO26EeBDNSqGBZby.tdTr0HU43MC'),
       (65, 'Maxim6', 'maxim1@email.com6', '$2a$08$m7iVzEk5jK0ppq/fMh1bQO7oA93KRwngG9dvvK3iqQLs.gqwPl/Xy'),
       (66, 'Aleksey6', 'aleksey1@email.com6', '$2a$08$1v5Y0oD2WIgWKZuEORrbA.KOcMYmlC9gJnrv175nWwCeDUUBMieQG'),
       (67, 'Andrey6', 'andrey1@email.com6', '$2a$08$qkT4Y7PPboG4W4xnaFbKWug66wLUTE4GBS62PpB2j.nOIxivN8uHe'),
       (68, 'Anton6', 'anton1@email.com6', '$2a$08$VPNkvwSV8GzcSoNW.KhW3OkYOOwNWdAS5QkK.kGk4rg4IzXz4Lthu'),
       (69, 'Lena6', 'lena1@email.com6', '$2a$08$ygk.fxp1hR7ec7r5bWRwXe6iC1l974hnQKwYVr7USVdH5PZJGDkgW'),
       (70, 'Egor7', 'egor1@email.com7', '$2a$08$2d8zW2Rs7NuH6r/zkHS1E.oCvYpCIfQCmyzDiiv11bCV.pisr2OvO'),
       (71, 'Ivan7', 'ivan1@gmail.com7', '$2a$08$nRhEPlYXruowsOwNVwHmV.PspCT8SESql5kPZDHyWMiXonMyuXthy'),
       (72, 'Sergey7', 'sergey1@email.com7', '$2a$08$gfKqIJkvlKPWoPQub9PtmOyI9tMRILa6GaCvX2xxPBQSHdIJyzetW'),
       (73, 'Vega7', 'vera1@gmail.com7', '$2a$08$.o.G6Ig0X31ZvWCEK7X34e/90yU3S8iBzPsG8pbW.Q35.oTnzc4zy'),
       (74, 'Evgeniy7', 'evgeniy1@email.com7', '$2a$08$Q/SBZjuplEJiq/8/.lyI1e2jJWGNohNT/W0QsZREMh6fv/QV2iPnO'),
       (75, 'Maxim7', 'maxim1@email.com7', '$2a$08$RrS3k8Ju3HsQQMayjyWoo.GFJKPZHN3qRWM0m6IQdFu3ArqQcylly'),
       (76, 'Aleksey7', 'aleksey1@email.com7', '$2a$08$Oywf3x2yi6FIajm5vy6COeQ8.VH9aGa56JZz94kvJ1sBqro1deXrm'),
       (77, 'Andrey7', 'andrey1@email.com7', '$2a$08$/rFFtQXipTqEIDNgB6YQkuNC27Jc0EQ4rxJKU3qfLMCx2rWx45nlC'),
       (78, 'Anton7', 'anton1@email.com7', '$2a$08$a9exxqlq66uk7K7Yv1Mr2OMfbK9bpJhKIot.wfbSTNYd9duoB2gWm'),
       (79, 'Lena7', 'lena1@email.com7', '$2a$08$mQLUqbu24AYEH/2C/3jucOxqlXTQVtp5FbyeHHSUGnO9hfDu/U9Fe'),
       (80, 'Egor8', 'egor1@email.com8', '$2a$08$mPB1SD6EPLn6fvq2PJHlxueK5K4GEVaEvRoVCSfo./7UZFX2bDwQ2'),
       (81, 'Ivan8', 'ivan1@gmail.com8', '$2a$08$plzpKbQGMw.pNkARmqy8pefPqz/teXsDQgci/meEFbmKCLC3sloya'),
       (82, 'Sergey8', 'sergey1@email.com8', '$2a$08$ix3KLBGY4OfsGPY.tTbcJ.3J8kSEOxo1qv/Bb7FwjYmvAv2rKPFdS'),
       (83, 'Vega8', 'vera1@gmail.com8', '$2a$08$RbpBwZy0JyG4grK4YdcSUu8OXKVCQ5.F0ZJl3K2QvtU9tZleuGPT.'),
       (84, 'Evgeniy8', 'evgeniy1@email.com8', '$2a$08$gEtbgSmevFNN89hSiZcLoOd1zeVsLJvuoblh38NC1yAprqSK7tY3m'),
       (85, 'Maxim8', 'maxim1@email.com8', '$2a$08$SUHWqanLm/3B6RZ.tq7JbOu6QS6PTNSVGZ/dl4NeZn9zZrcD3eWg6'),
       (86, 'Aleksey8', 'aleksey1@email.com8', '$2a$08$gMNRsSli9fYvMSSNXDhLeOU4LWsVnQqVAHIJLDy8xjj7APIM7oWhu'),
       (87, 'Andrey8', 'andrey1@email.com8', '$2a$08$fgnyp.NXCm4B3TPlrY0wSuHyjSB7q0F7A2PLRhIyhxKNSqiP7hZVe'),
       (88, 'Anton8', 'anton1@email.com8', '$2a$08$oDUrbXtnx0RmJWYLqpA.QeptfeNvKTFcFvT.JkzJiDwQFofdUMzuS'),
       (89, 'Lena8', 'lena1@email.com8', '$2a$08$zyR2//MuVFzFUP2kXuwsAOfACqAycB75p03gDiG947k5S7aFJ.gsK'),
       (90, 'Egor9', 'egor1@email.com9', '$2a$08$IvStkjws9i48pe1fV0JBbefe7W.c09vdzz5bQ14tdM7B8BHZWKnOG'),
       (91, 'Ivan9', 'ivan1@gmail.com9', '$2a$08$YjPhbMWzmdcp/cWkX10jzuthgiDiAd/U8vCU9Bl/Dh9ESlfNfQnOm'),
       (92, 'Sergey9', 'sergey1@email.com9', '$2a$08$Iu0C4Y00aipmE4YhCBZ.9.tlvo4GN0VTGgEGOHYuv8O0QFGeYZrVW'),
       (93, 'Vega9', 'vera1@gmail.com9', '$2a$08$wup8GjZ2Bd5DuvOqVZiLh.oeJCsVDQ74Pb/go8pcSCX/OIg198VZe'),
       (94, 'Evgeniy9', 'evgeniy1@email.com9', '$2a$08$H.t2vylfdmKEeHChWmkYJeXH9/RsiSW7VSxLtEVRvLA6NpOK.iUKa'),
       (95, 'Maxim9', 'maxim1@email.com9', '$2a$08$QcBlANQzT2xk8FSIHK6Uley3wLuwvGV1RsGByPdBDEzf55BTmBH1.'),
       (96, 'Aleksey9', 'aleksey1@email.com9', '$2a$08$8KNZth85A8zgxGGHIG9B1OrySZ/MfYa.6PO0eG8V0ipr79mDDRgby'),
       (97, 'Andrey9', 'andrey1@email.com9', '$2a$08$5IZgLd6KXiqFF2ycN9LLK.lYOXbxKNOYLCTx.OKauz.2aSZfYfq.S'),
       (98, 'Anton9', 'anton1@email.com9', '$2a$08$PJFWMz8P4Ibpg0EJF0OZIORjl3sMKJOlJw5Z.Omo2KxUbpFvx8AY2'),
       (99, 'Lena9', 'lena1@email.com9', '$2a$08$cM634FRVxNLfItXTMnvzK.ecF11XcheuTqA2zNoHYKnXIZaXk.WeC'),
       (100, 'Egor10', 'egor1@email.com10', '$2a$08$62ZznjOCBXPbYLzfKPCcrOHyZVEDlKZ5FHg6aMAmia3UlWwUmU1rS'),
       (101, 'Ivan10', 'ivan1@gmail.com10', '$2a$08$ZO8/2sMEvxM4x8MsFXEG.OUmMmi15Zo3A536eS4Vx0X9iE2qIwEXS'),
       (102, 'Sergey10', 'sergey1@email.com10', '$2a$08$V6BIb8k5BG.2SRlZeumtwuLFmMnOa2vMVMQkBVYwEr7P1PQu7PP7a'),
       (103, 'Vega10', 'vera1@gmail.com10', '$2a$08$pxJfmoOmoA97q6iZWSrotekTmvGJQCVK5sfEyT99wtClFS7YsDPOK'),
       (104, 'Evgeniy10', 'evgeniy1@email.com10', '$2a$08$eF8WfUfOi2rlUnWJClIeNu0k/lciu4LK0eKSXdCCH3awQojzNyAxy'),
       (105, 'Maxim10', 'maxim1@email.com10', '$2a$08$2ZONgPFWfFi7R6WPIrlSTeJh.Su8MT0UyGxIzgJQWzIGyi7ehn/hS'),
       (106, 'Aleksey10', 'aleksey1@email.com10', '$2a$08$lJN37LY7Hp2XpnEd0gt4bOb7URGig5otlUjPPCsNOTEXFZO3d4./G'),
       (107, 'Andrey10', 'andrey1@email.com10', '$2a$08$wE.Tkp0FifLZqlw9gzFHWeBjEK20kEEuWGKcwUg4hf7Qaa9uWr7Bq'),
       (108, 'Anton10', 'anton1@email.com10', '$2a$08$heK3DpgMaxi2QVrsBmchNubY3Ab7Ze5gI/3m1o14Svq6xFRODbwyO'),
       (109, 'Lena10', 'lena1@email.com10', '$2a$08$HJ11ibvK4E/n.FtxXzZb.OMAc3eqRUvxp6tz9m1Zy4BWJJJbduEue'),
       (110, 'Egor11', 'egor1@email.com11', '$2a$08$KY.4RkKv.L.eD3kfzYeLuecXjcKmWQHhV8866m6CDmkYMnnnZOAC6'),
       (111, 'Ivan11', 'ivan1@gmail.com11', '$2a$08$xl3tblD.HcS6sXg8QqSSe.VxpvB80h.nLn543SWP7YAZNAxvoIq4G'),
       (112, 'Sergey11', 'sergey1@email.com11', '$2a$08$OHf2ZlfqgtPL6aLm0oSNjObgI9wQxUYfsuce.yGi/vKnwXiSiLowe'),
       (113, 'Vega11', 'vera1@gmail.com11', '$2a$08$otNPRJjmBkNXtik2k2sAeudFRGjRU56pjI5eLh8.JDOszvpydAZiu'),
       (114, 'Evgeniy11', 'evgeniy1@email.com11', '$2a$08$5/1HnOqEOQ.6W6Gh7hT.jOx2RZO26EeBDNSqGBZby.tdTr0HU43MC'),
       (115, 'Maxim11', 'maxim1@email.com11', '$2a$08$m7iVzEk5jK0ppq/fMh1bQO7oA93KRwngG9dvvK3iqQLs.gqwPl/Xy'),
       (116, 'Aleksey11', 'aleksey1@email.com11', '$2a$08$1v5Y0oD2WIgWKZuEORrbA.KOcMYmlC9gJnrv175nWwCeDUUBMieQG'),
       (117, 'Andrey11', 'andrey1@email.com11', '$2a$08$qkT4Y7PPboG4W4xnaFbKWug66wLUTE4GBS62PpB2j.nOIxivN8uHe'),
       (118, 'Anton11', 'anton1@email.com11', '$2a$08$VPNkvwSV8GzcSoNW.KhW3OkYOOwNWdAS5QkK.kGk4rg4IzXz4Lthu'),
       (119, 'Lena11', 'lena1@email.com11', '$2a$08$ygk.fxp1hR7ec7r5bWRwXe6iC1l974hnQKwYVr7USVdH5PZJGDkgW'),
       (120, 'Egor12', 'egor1@email.com12', '$2a$08$2d8zW2Rs7NuH6r/zkHS1E.oCvYpCIfQCmyzDiiv11bCV.pisr2OvO'),
       (121, 'Ivan12', 'ivan1@gmail.com12', '$2a$08$nRhEPlYXruowsOwNVwHmV.PspCT8SESql5kPZDHyWMiXonMyuXthy'),
       (122, 'Sergey12', 'sergey1@email.com12', '$2a$08$gfKqIJkvlKPWoPQub9PtmOyI9tMRILa6GaCvX2xxPBQSHdIJyzetW'),
       (123, 'Vega12', 'vera1@gmail.com12', '$2a$08$.o.G6Ig0X31ZvWCEK7X34e/90yU3S8iBzPsG8pbW.Q35.oTnzc4zy'),
       (124, 'Evgeniy12', 'evgeniy1@email.com12', '$2a$08$Q/SBZjuplEJiq/8/.lyI1e2jJWGNohNT/W0QsZREMh6fv/QV2iPnO'),
       (125, 'Maxim12', 'maxim1@email.com12', '$2a$08$RrS3k8Ju3HsQQMayjyWoo.GFJKPZHN3qRWM0m6IQdFu3ArqQcylly'),
       (126, 'Aleksey12', 'aleksey1@email.com12', '$2a$08$Oywf3x2yi6FIajm5vy6COeQ8.VH9aGa56JZz94kvJ1sBqro1deXrm'),
       (127, 'Andrey12', 'andrey1@email.com12', '$2a$08$/rFFtQXipTqEIDNgB6YQkuNC27Jc0EQ4rxJKU3qfLMCx2rWx45nlC'),
       (128, 'Anton12', 'anton1@email.com12', '$2a$08$a9exxqlq66uk7K7Yv1Mr2OMfbK9bpJhKIot.wfbSTNYd9duoB2gWm'),
       (129, 'Lena12', 'lena1@email.com12', '$2a$08$mQLUqbu24AYEH/2C/3jucOxqlXTQVtp5FbyeHHSUGnO9hfDu/U9Fe'),
       (130, 'Egor13', 'egor1@email.com13', '$2a$08$mPB1SD6EPLn6fvq2PJHlxueK5K4GEVaEvRoVCSfo./7UZFX2bDwQ2'),
       (131, 'Ivan13', 'ivan1@gmail.com13', '$2a$08$plzpKbQGMw.pNkARmqy8pefPqz/teXsDQgci/meEFbmKCLC3sloya'),
       (132, 'Sergey13', 'sergey1@email.com13', '$2a$08$ix3KLBGY4OfsGPY.tTbcJ.3J8kSEOxo1qv/Bb7FwjYmvAv2rKPFdS'),
       (133, 'Vega13', 'vera1@gmail.com13', '$2a$08$RbpBwZy0JyG4grK4YdcSUu8OXKVCQ5.F0ZJl3K2QvtU9tZleuGPT.'),
       (134, 'Evgeniy13', 'evgeniy1@email.com13', '$2a$08$gEtbgSmevFNN89hSiZcLoOd1zeVsLJvuoblh38NC1yAprqSK7tY3m'),
       (135, 'Maxim13', 'maxim1@email.com13', '$2a$08$SUHWqanLm/3B6RZ.tq7JbOu6QS6PTNSVGZ/dl4NeZn9zZrcD3eWg6'),
       (136, 'Aleksey13', 'aleksey1@email.com13', '$2a$08$gMNRsSli9fYvMSSNXDhLeOU4LWsVnQqVAHIJLDy8xjj7APIM7oWhu'),
       (137, 'Andrey13', 'andrey1@email.com13', '$2a$08$fgnyp.NXCm4B3TPlrY0wSuHyjSB7q0F7A2PLRhIyhxKNSqiP7hZVe'),
       (138, 'Anton13', 'anton1@email.com13', '$2a$08$oDUrbXtnx0RmJWYLqpA.QeptfeNvKTFcFvT.JkzJiDwQFofdUMzuS'),
       (139, 'Lena13', 'lena1@email.com13', '$2a$08$zyR2//MuVFzFUP2kXuwsAOfACqAycB75p03gDiG947k5S7aFJ.gsK'),
       (140, 'Egor14', 'egor1@email.com14', '$2a$08$IvStkjws9i48pe1fV0JBbefe7W.c09vdzz5bQ14tdM7B8BHZWKnOG'),
       (141, 'Ivan14', 'ivan1@gmail.com14', '$2a$08$YjPhbMWzmdcp/cWkX10jzuthgiDiAd/U8vCU9Bl/Dh9ESlfNfQnOm'),
       (142, 'Sergey14', 'sergey1@email.com14', '$2a$08$Iu0C4Y00aipmE4YhCBZ.9.tlvo4GN0VTGgEGOHYuv8O0QFGeYZrVW'),
       (143, 'Vega14', 'vera1@gmail.com14', '$2a$08$wup8GjZ2Bd5DuvOqVZiLh.oeJCsVDQ74Pb/go8pcSCX/OIg198VZe'),
       (144, 'Evgeniy14', 'evgeniy1@email.com14', '$2a$08$H.t2vylfdmKEeHChWmkYJeXH9/RsiSW7VSxLtEVRvLA6NpOK.iUKa'),
       (145, 'Maxim14', 'maxim1@email.com14', '$2a$08$QcBlANQzT2xk8FSIHK6Uley3wLuwvGV1RsGByPdBDEzf55BTmBH1.'),
       (146, 'Aleksey14', 'aleksey1@email.com14', '$2a$08$8KNZth85A8zgxGGHIG9B1OrySZ/MfYa.6PO0eG8V0ipr79mDDRgby'),
       (147, 'Andrey14', 'andrey1@email.com14', '$2a$08$5IZgLd6KXiqFF2ycN9LLK.lYOXbxKNOYLCTx.OKauz.2aSZfYfq.S'),
       (148, 'Anton14', 'anton1@email.com14', '$2a$08$PJFWMz8P4Ibpg0EJF0OZIORjl3sMKJOlJw5Z.Omo2KxUbpFvx8AY2'),
       (149, 'Lena14', 'lena1@email.com14', '$2a$08$cM634FRVxNLfItXTMnvzK.ecF11XcheuTqA2zNoHYKnXIZaXk.WeC'),
       (150, 'Egor15', 'egor1@email.com15', '$2a$08$62ZznjOCBXPbYLzfKPCcrOHyZVEDlKZ5FHg6aMAmia3UlWwUmU1rS'),
       (151, 'Ivan15', 'ivan1@gmail.com15', '$2a$08$ZO8/2sMEvxM4x8MsFXEG.OUmMmi15Zo3A536eS4Vx0X9iE2qIwEXS'),
       (152, 'Sergey15', 'sergey1@email.com15', '$2a$08$V6BIb8k5BG.2SRlZeumtwuLFmMnOa2vMVMQkBVYwEr7P1PQu7PP7a'),
       (153, 'Vega15', 'vera1@gmail.com15', '$2a$08$pxJfmoOmoA97q6iZWSrotekTmvGJQCVK5sfEyT99wtClFS7YsDPOK'),
       (154, 'Evgeniy15', 'evgeniy1@email.com15', '$2a$08$eF8WfUfOi2rlUnWJClIeNu0k/lciu4LK0eKSXdCCH3awQojzNyAxy'),
       (155, 'Maxim15', 'maxim1@email.com15', '$2a$08$2ZONgPFWfFi7R6WPIrlSTeJh.Su8MT0UyGxIzgJQWzIGyi7ehn/hS'),
       (156, 'Aleksey15', 'aleksey1@email.com15', '$2a$08$lJN37LY7Hp2XpnEd0gt4bOb7URGig5otlUjPPCsNOTEXFZO3d4./G'),
       (157, 'Andrey15', 'andrey1@email.com15', '$2a$08$wE.Tkp0FifLZqlw9gzFHWeBjEK20kEEuWGKcwUg4hf7Qaa9uWr7Bq'),
       (158, 'Anton15', 'anton1@email.com15', '$2a$08$heK3DpgMaxi2QVrsBmchNubY3Ab7Ze5gI/3m1o14Svq6xFRODbwyO'),
       (159, 'Lena15', 'lena1@email.com15', '$2a$08$HJ11ibvK4E/n.FtxXzZb.OMAc3eqRUvxp6tz9m1Zy4BWJJJbduEue'),
       (160, 'Egor16', 'egor1@email.com16', '$2a$08$KY.4RkKv.L.eD3kfzYeLuecXjcKmWQHhV8866m6CDmkYMnnnZOAC6'),
       (161, 'Ivan16', 'ivan1@gmail.com16', '$2a$08$xl3tblD.HcS6sXg8QqSSe.VxpvB80h.nLn543SWP7YAZNAxvoIq4G'),
       (162, 'Sergey16', 'sergey1@email.com16', '$2a$08$OHf2ZlfqgtPL6aLm0oSNjObgI9wQxUYfsuce.yGi/vKnwXiSiLowe'),
       (163, 'Vega16', 'vera1@gmail.com16', '$2a$08$otNPRJjmBkNXtik2k2sAeudFRGjRU56pjI5eLh8.JDOszvpydAZiu'),
       (164, 'Evgeniy16', 'evgeniy1@email.com16', '$2a$08$5/1HnOqEOQ.6W6Gh7hT.jOx2RZO26EeBDNSqGBZby.tdTr0HU43MC'),
       (165, 'Maxim16', 'maxim1@email.com16', '$2a$08$m7iVzEk5jK0ppq/fMh1bQO7oA93KRwngG9dvvK3iqQLs.gqwPl/Xy'),
       (166, 'Aleksey16', 'aleksey1@email.com16', '$2a$08$1v5Y0oD2WIgWKZuEORrbA.KOcMYmlC9gJnrv175nWwCeDUUBMieQG'),
       (167, 'Andrey16', 'andrey1@email.com16', '$2a$08$qkT4Y7PPboG4W4xnaFbKWug66wLUTE4GBS62PpB2j.nOIxivN8uHe'),
       (168, 'Anton16', 'anton1@email.com16', '$2a$08$VPNkvwSV8GzcSoNW.KhW3OkYOOwNWdAS5QkK.kGk4rg4IzXz4Lthu'),
       (169, 'Lena16', 'lena1@email.com16', '$2a$08$ygk.fxp1hR7ec7r5bWRwXe6iC1l974hnQKwYVr7USVdH5PZJGDkgW'),
       (170, 'Egor17', 'egor1@email.com17', '$2a$08$2d8zW2Rs7NuH6r/zkHS1E.oCvYpCIfQCmyzDiiv11bCV.pisr2OvO'),
       (171, 'Ivan17', 'ivan1@gmail.com17', '$2a$08$nRhEPlYXruowsOwNVwHmV.PspCT8SESql5kPZDHyWMiXonMyuXthy'),
       (172, 'Sergey17', 'sergey1@email.com17', '$2a$08$gfKqIJkvlKPWoPQub9PtmOyI9tMRILa6GaCvX2xxPBQSHdIJyzetW'),
       (173, 'Vega17', 'vera1@gmail.com17', '$2a$08$.o.G6Ig0X31ZvWCEK7X34e/90yU3S8iBzPsG8pbW.Q35.oTnzc4zy'),
       (174, 'Evgeniy17', 'evgeniy1@email.com17', '$2a$08$Q/SBZjuplEJiq/8/.lyI1e2jJWGNohNT/W0QsZREMh6fv/QV2iPnO'),
       (175, 'Maxim17', 'maxim1@email.com17', '$2a$08$RrS3k8Ju3HsQQMayjyWoo.GFJKPZHN3qRWM0m6IQdFu3ArqQcylly'),
       (176, 'Aleksey17', 'aleksey1@email.com17', '$2a$08$Oywf3x2yi6FIajm5vy6COeQ8.VH9aGa56JZz94kvJ1sBqro1deXrm'),
       (177, 'Andrey17', 'andrey1@email.com17', '$2a$08$/rFFtQXipTqEIDNgB6YQkuNC27Jc0EQ4rxJKU3qfLMCx2rWx45nlC'),
       (178, 'Anton17', 'anton1@email.com17', '$2a$08$a9exxqlq66uk7K7Yv1Mr2OMfbK9bpJhKIot.wfbSTNYd9duoB2gWm'),
       (179, 'Lena17', 'lena1@email.com17', '$2a$08$mQLUqbu24AYEH/2C/3jucOxqlXTQVtp5FbyeHHSUGnO9hfDu/U9Fe'),
       (180, 'Egor18', 'egor1@email.com18', '$2a$08$mPB1SD6EPLn6fvq2PJHlxueK5K4GEVaEvRoVCSfo./7UZFX2bDwQ2'),
       (181, 'Ivan18', 'ivan1@gmail.com18', '$2a$08$plzpKbQGMw.pNkARmqy8pefPqz/teXsDQgci/meEFbmKCLC3sloya'),
       (182, 'Sergey18', 'sergey1@email.com18', '$2a$08$ix3KLBGY4OfsGPY.tTbcJ.3J8kSEOxo1qv/Bb7FwjYmvAv2rKPFdS'),
       (183, 'Vega18', 'vera1@gmail.com18', '$2a$08$RbpBwZy0JyG4grK4YdcSUu8OXKVCQ5.F0ZJl3K2QvtU9tZleuGPT.'),
       (184, 'Evgeniy18', 'evgeniy1@email.com18', '$2a$08$gEtbgSmevFNN89hSiZcLoOd1zeVsLJvuoblh38NC1yAprqSK7tY3m'),
       (185, 'Maxim18', 'maxim1@email.com18', '$2a$08$SUHWqanLm/3B6RZ.tq7JbOu6QS6PTNSVGZ/dl4NeZn9zZrcD3eWg6'),
       (186, 'Aleksey18', 'aleksey1@email.com18', '$2a$08$gMNRsSli9fYvMSSNXDhLeOU4LWsVnQqVAHIJLDy8xjj7APIM7oWhu'),
       (187, 'Andrey18', 'andrey1@email.com18', '$2a$08$fgnyp.NXCm4B3TPlrY0wSuHyjSB7q0F7A2PLRhIyhxKNSqiP7hZVe'),
       (188, 'Anton18', 'anton1@email.com18', '$2a$08$oDUrbXtnx0RmJWYLqpA.QeptfeNvKTFcFvT.JkzJiDwQFofdUMzuS'),
       (189, 'Lena18', 'lena1@email.com18', '$2a$08$zyR2//MuVFzFUP2kXuwsAOfACqAycB75p03gDiG947k5S7aFJ.gsK'),
       (190, 'Egor19', 'egor1@email.com19', '$2a$08$IvStkjws9i48pe1fV0JBbefe7W.c09vdzz5bQ14tdM7B8BHZWKnOG'),
       (191, 'Ivan19', 'ivan1@gmail.com19', '$2a$08$YjPhbMWzmdcp/cWkX10jzuthgiDiAd/U8vCU9Bl/Dh9ESlfNfQnOm'),
       (192, 'Sergey19', 'sergey1@email.com19', '$2a$08$Iu0C4Y00aipmE4YhCBZ.9.tlvo4GN0VTGgEGOHYuv8O0QFGeYZrVW'),
       (193, 'Vega19', 'vera1@gmail.com19', '$2a$08$wup8GjZ2Bd5DuvOqVZiLh.oeJCsVDQ74Pb/go8pcSCX/OIg198VZe'),
       (194, 'Evgeniy19', 'evgeniy1@email.com19', '$2a$08$H.t2vylfdmKEeHChWmkYJeXH9/RsiSW7VSxLtEVRvLA6NpOK.iUKa'),
       (195, 'Maxim19', 'maxim1@email.com19', '$2a$08$QcBlANQzT2xk8FSIHK6Uley3wLuwvGV1RsGByPdBDEzf55BTmBH1.'),
       (196, 'Aleksey19', 'aleksey1@email.com19', '$2a$08$8KNZth85A8zgxGGHIG9B1OrySZ/MfYa.6PO0eG8V0ipr79mDDRgby'),
       (197, 'Andrey19', 'andrey1@email.com19', '$2a$08$5IZgLd6KXiqFF2ycN9LLK.lYOXbxKNOYLCTx.OKauz.2aSZfYfq.S'),
       (198, 'Anton19', 'anton1@email.com19', '$2a$08$PJFWMz8P4Ibpg0EJF0OZIORjl3sMKJOlJw5Z.Omo2KxUbpFvx8AY2'),
       (199, 'Lena19', 'lena1@email.com19', '$2a$08$cM634FRVxNLfItXTMnvzK.ecF11XcheuTqA2zNoHYKnXIZaXk.WeC'),
       (200, 'Egor20', 'egor1@email.com20', '$2a$08$62ZznjOCBXPbYLzfKPCcrOHyZVEDlKZ5FHg6aMAmia3UlWwUmU1rS'),
       (201, 'Ivan20', 'ivan1@gmail.com20', '$2a$08$ZO8/2sMEvxM4x8MsFXEG.OUmMmi15Zo3A536eS4Vx0X9iE2qIwEXS'),
       (202, 'Sergey20', 'sergey1@email.com20', '$2a$08$V6BIb8k5BG.2SRlZeumtwuLFmMnOa2vMVMQkBVYwEr7P1PQu7PP7a'),
       (203, 'Vega20', 'vera1@gmail.com20', '$2a$08$pxJfmoOmoA97q6iZWSrotekTmvGJQCVK5sfEyT99wtClFS7YsDPOK'),
       (204, 'Evgeniy20', 'evgeniy1@email.com20', '$2a$08$eF8WfUfOi2rlUnWJClIeNu0k/lciu4LK0eKSXdCCH3awQojzNyAxy'),
       (205, 'Maxim20', 'maxim1@email.com20', '$2a$08$2ZONgPFWfFi7R6WPIrlSTeJh.Su8MT0UyGxIzgJQWzIGyi7ehn/hS'),
       (206, 'Aleksey20', 'aleksey1@email.com20', '$2a$08$lJN37LY7Hp2XpnEd0gt4bOb7URGig5otlUjPPCsNOTEXFZO3d4./G'),
       (207, 'Andrey20', 'andrey1@email.com20', '$2a$08$wE.Tkp0FifLZqlw9gzFHWeBjEK20kEEuWGKcwUg4hf7Qaa9uWr7Bq'),
       (208, 'Anton20', 'anton1@email.com20', '$2a$08$heK3DpgMaxi2QVrsBmchNubY3Ab7Ze5gI/3m1o14Svq6xFRODbwyO'),
       (209, 'Lena20', 'lena1@email.com20', '$2a$08$HJ11ibvK4E/n.FtxXzZb.OMAc3eqRUvxp6tz9m1Zy4BWJJJbduEue'),
       (210, 'Egor21', 'egor1@email.com21', '$2a$08$KY.4RkKv.L.eD3kfzYeLuecXjcKmWQHhV8866m6CDmkYMnnnZOAC6'),
       (211, 'Ivan21', 'ivan1@gmail.com21', '$2a$08$xl3tblD.HcS6sXg8QqSSe.VxpvB80h.nLn543SWP7YAZNAxvoIq4G'),
       (212, 'Sergey21', 'sergey1@email.com21', '$2a$08$OHf2ZlfqgtPL6aLm0oSNjObgI9wQxUYfsuce.yGi/vKnwXiSiLowe'),
       (213, 'Vega21', 'vera1@gmail.com21', '$2a$08$otNPRJjmBkNXtik2k2sAeudFRGjRU56pjI5eLh8.JDOszvpydAZiu'),
       (214, 'Evgeniy21', 'evgeniy1@email.com21', '$2a$08$5/1HnOqEOQ.6W6Gh7hT.jOx2RZO26EeBDNSqGBZby.tdTr0HU43MC'),
       (215, 'Maxim21', 'maxim1@email.com21', '$2a$08$m7iVzEk5jK0ppq/fMh1bQO7oA93KRwngG9dvvK3iqQLs.gqwPl/Xy'),
       (216, 'Aleksey21', 'aleksey1@email.com21', '$2a$08$1v5Y0oD2WIgWKZuEORrbA.KOcMYmlC9gJnrv175nWwCeDUUBMieQG'),
       (217, 'Andrey21', 'andrey1@email.com21', '$2a$08$qkT4Y7PPboG4W4xnaFbKWug66wLUTE4GBS62PpB2j.nOIxivN8uHe'),
       (218, 'Anton21', 'anton1@email.com21', '$2a$08$VPNkvwSV8GzcSoNW.KhW3OkYOOwNWdAS5QkK.kGk4rg4IzXz4Lthu'),
       (219, 'Lena21', 'lena1@email.com21', '$2a$08$ygk.fxp1hR7ec7r5bWRwXe6iC1l974hnQKwYVr7USVdH5PZJGDkgW'),
       (220, 'Egor22', 'egor1@email.com22', '$2a$08$2d8zW2Rs7NuH6r/zkHS1E.oCvYpCIfQCmyzDiiv11bCV.pisr2OvO'),
       (221, 'Ivan22', 'ivan1@gmail.com22', '$2a$08$nRhEPlYXruowsOwNVwHmV.PspCT8SESql5kPZDHyWMiXonMyuXthy'),
       (222, 'Sergey22', 'sergey1@email.com22', '$2a$08$gfKqIJkvlKPWoPQub9PtmOyI9tMRILa6GaCvX2xxPBQSHdIJyzetW'),
       (223, 'Vega22', 'vera1@gmail.com22', '$2a$08$.o.G6Ig0X31ZvWCEK7X34e/90yU3S8iBzPsG8pbW.Q35.oTnzc4zy'),
       (224, 'Evgeniy22', 'evgeniy1@email.com22', '$2a$08$Q/SBZjuplEJiq/8/.lyI1e2jJWGNohNT/W0QsZREMh6fv/QV2iPnO'),
       (225, 'Maxim22', 'maxim1@email.com22', '$2a$08$RrS3k8Ju3HsQQMayjyWoo.GFJKPZHN3qRWM0m6IQdFu3ArqQcylly'),
       (226, 'Aleksey22', 'aleksey1@email.com22', '$2a$08$Oywf3x2yi6FIajm5vy6COeQ8.VH9aGa56JZz94kvJ1sBqro1deXrm'),
       (227, 'Andrey22', 'andrey1@email.com22', '$2a$08$/rFFtQXipTqEIDNgB6YQkuNC27Jc0EQ4rxJKU3qfLMCx2rWx45nlC'),
       (228, 'Anton22', 'anton1@email.com22', '$2a$08$a9exxqlq66uk7K7Yv1Mr2OMfbK9bpJhKIot.wfbSTNYd9duoB2gWm'),
       (229, 'Lena22', 'lena1@email.com22', '$2a$08$mQLUqbu24AYEH/2C/3jucOxqlXTQVtp5FbyeHHSUGnO9hfDu/U9Fe'),
       (230, 'Egor23', 'egor1@email.com23', '$2a$08$mPB1SD6EPLn6fvq2PJHlxueK5K4GEVaEvRoVCSfo./7UZFX2bDwQ2'),
       (231, 'Ivan23', 'ivan1@gmail.com23', '$2a$08$plzpKbQGMw.pNkARmqy8pefPqz/teXsDQgci/meEFbmKCLC3sloya'),
       (232, 'Sergey23', 'sergey1@email.com23', '$2a$08$ix3KLBGY4OfsGPY.tTbcJ.3J8kSEOxo1qv/Bb7FwjYmvAv2rKPFdS'),
       (233, 'Vega23', 'vera1@gmail.com23', '$2a$08$RbpBwZy0JyG4grK4YdcSUu8OXKVCQ5.F0ZJl3K2QvtU9tZleuGPT.'),
       (234, 'Evgeniy23', 'evgeniy1@email.com23', '$2a$08$gEtbgSmevFNN89hSiZcLoOd1zeVsLJvuoblh38NC1yAprqSK7tY3m'),
       (235, 'Maxim23', 'maxim1@email.com23', '$2a$08$SUHWqanLm/3B6RZ.tq7JbOu6QS6PTNSVGZ/dl4NeZn9zZrcD3eWg6'),
       (236, 'Aleksey23', 'aleksey1@email.com23', '$2a$08$gMNRsSli9fYvMSSNXDhLeOU4LWsVnQqVAHIJLDy8xjj7APIM7oWhu'),
       (237, 'Andrey23', 'andrey1@email.com23', '$2a$08$fgnyp.NXCm4B3TPlrY0wSuHyjSB7q0F7A2PLRhIyhxKNSqiP7hZVe'),
       (238, 'Anton23', 'anton1@email.com23', '$2a$08$oDUrbXtnx0RmJWYLqpA.QeptfeNvKTFcFvT.JkzJiDwQFofdUMzuS'),
       (239, 'Lena23', 'lena1@email.com23', '$2a$08$zyR2//MuVFzFUP2kXuwsAOfACqAycB75p03gDiG947k5S7aFJ.gsK'),
       (240, 'Egor24', 'egor1@email.com24', '$2a$08$IvStkjws9i48pe1fV0JBbefe7W.c09vdzz5bQ14tdM7B8BHZWKnOG'),
       (241, 'Ivan24', 'ivan1@gmail.com24', '$2a$08$YjPhbMWzmdcp/cWkX10jzuthgiDiAd/U8vCU9Bl/Dh9ESlfNfQnOm'),
       (242, 'Sergey24', 'sergey1@email.com24', '$2a$08$Iu0C4Y00aipmE4YhCBZ.9.tlvo4GN0VTGgEGOHYuv8O0QFGeYZrVW'),
       (243, 'Vega24', 'vera1@gmail.com24', '$2a$08$wup8GjZ2Bd5DuvOqVZiLh.oeJCsVDQ74Pb/go8pcSCX/OIg198VZe'),
       (244, 'Evgeniy24', 'evgeniy1@email.com24', '$2a$08$H.t2vylfdmKEeHChWmkYJeXH9/RsiSW7VSxLtEVRvLA6NpOK.iUKa'),
       (245, 'Maxim24', 'maxim1@email.com24', '$2a$08$QcBlANQzT2xk8FSIHK6Uley3wLuwvGV1RsGByPdBDEzf55BTmBH1.'),
       (246, 'Aleksey24', 'aleksey1@email.com24', '$2a$08$8KNZth85A8zgxGGHIG9B1OrySZ/MfYa.6PO0eG8V0ipr79mDDRgby'),
       (247, 'Andrey24', 'andrey1@email.com24', '$2a$08$5IZgLd6KXiqFF2ycN9LLK.lYOXbxKNOYLCTx.OKauz.2aSZfYfq.S'),
       (248, 'Anton24', 'anton1@email.com24', '$2a$08$PJFWMz8P4Ibpg0EJF0OZIORjl3sMKJOlJw5Z.Omo2KxUbpFvx8AY2'),
       (249, 'Lena24', 'lena1@email.com24', '$2a$08$cM634FRVxNLfItXTMnvzK.ecF11XcheuTqA2zNoHYKnXIZaXk.WeC'),
       (250, 'Egor25', 'egor1@email.com25', '$2a$08$62ZznjOCBXPbYLzfKPCcrOHyZVEDlKZ5FHg6aMAmia3UlWwUmU1rS'),
       (251, 'Ivan25', 'ivan1@gmail.com25', '$2a$08$ZO8/2sMEvxM4x8MsFXEG.OUmMmi15Zo3A536eS4Vx0X9iE2qIwEXS'),
       (252, 'Sergey25', 'sergey1@email.com25', '$2a$08$V6BIb8k5BG.2SRlZeumtwuLFmMnOa2vMVMQkBVYwEr7P1PQu7PP7a'),
       (253, 'Vega25', 'vera1@gmail.com25', '$2a$08$pxJfmoOmoA97q6iZWSrotekTmvGJQCVK5sfEyT99wtClFS7YsDPOK'),
       (254, 'Evgeniy25', 'evgeniy1@email.com25', '$2a$08$eF8WfUfOi2rlUnWJClIeNu0k/lciu4LK0eKSXdCCH3awQojzNyAxy'),
       (255, 'Maxim25', 'maxim1@email.com25', '$2a$08$2ZONgPFWfFi7R6WPIrlSTeJh.Su8MT0UyGxIzgJQWzIGyi7ehn/hS'),
       (256, 'Aleksey25', 'aleksey1@email.com25', '$2a$08$lJN37LY7Hp2XpnEd0gt4bOb7URGig5otlUjPPCsNOTEXFZO3d4./G'),
       (257, 'Andrey25', 'andrey1@email.com25', '$2a$08$wE.Tkp0FifLZqlw9gzFHWeBjEK20kEEuWGKcwUg4hf7Qaa9uWr7Bq'),
       (258, 'Anton25', 'anton1@email.com25', '$2a$08$heK3DpgMaxi2QVrsBmchNubY3Ab7Ze5gI/3m1o14Svq6xFRODbwyO'),
       (259, 'Lena25', 'lena1@email.com25', '$2a$08$HJ11ibvK4E/n.FtxXzZb.OMAc3eqRUvxp6tz9m1Zy4BWJJJbduEue'),
       (260, 'Egor26', 'egor1@email.com26', '$2a$08$KY.4RkKv.L.eD3kfzYeLuecXjcKmWQHhV8866m6CDmkYMnnnZOAC6'),
       (261, 'Ivan26', 'ivan1@gmail.com26', '$2a$08$xl3tblD.HcS6sXg8QqSSe.VxpvB80h.nLn543SWP7YAZNAxvoIq4G'),
       (262, 'Sergey26', 'sergey1@email.com26', '$2a$08$OHf2ZlfqgtPL6aLm0oSNjObgI9wQxUYfsuce.yGi/vKnwXiSiLowe'),
       (263, 'Vega26', 'vera1@gmail.com26', '$2a$08$otNPRJjmBkNXtik2k2sAeudFRGjRU56pjI5eLh8.JDOszvpydAZiu'),
       (264, 'Evgeniy26', 'evgeniy1@email.com26', '$2a$08$5/1HnOqEOQ.6W6Gh7hT.jOx2RZO26EeBDNSqGBZby.tdTr0HU43MC'),
       (265, 'Maxim26', 'maxim1@email.com26', '$2a$08$m7iVzEk5jK0ppq/fMh1bQO7oA93KRwngG9dvvK3iqQLs.gqwPl/Xy'),
       (266, 'Aleksey26', 'aleksey1@email.com26', '$2a$08$1v5Y0oD2WIgWKZuEORrbA.KOcMYmlC9gJnrv175nWwCeDUUBMieQG'),
       (267, 'Andrey26', 'andrey1@email.com26', '$2a$08$qkT4Y7PPboG4W4xnaFbKWug66wLUTE4GBS62PpB2j.nOIxivN8uHe'),
       (268, 'Anton26', 'anton1@email.com26', '$2a$08$VPNkvwSV8GzcSoNW.KhW3OkYOOwNWdAS5QkK.kGk4rg4IzXz4Lthu'),
       (269, 'Lena26', 'lena1@email.com26', '$2a$08$ygk.fxp1hR7ec7r5bWRwXe6iC1l974hnQKwYVr7USVdH5PZJGDkgW'),
       (270, 'Egor27', 'egor1@email.com27', '$2a$08$2d8zW2Rs7NuH6r/zkHS1E.oCvYpCIfQCmyzDiiv11bCV.pisr2OvO'),
       (271, 'Ivan27', 'ivan1@gmail.com27', '$2a$08$nRhEPlYXruowsOwNVwHmV.PspCT8SESql5kPZDHyWMiXonMyuXthy'),
       (272, 'Sergey27', 'sergey1@email.com27', '$2a$08$gfKqIJkvlKPWoPQub9PtmOyI9tMRILa6GaCvX2xxPBQSHdIJyzetW'),
       (273, 'Vega27', 'vera1@gmail.com27', '$2a$08$.o.G6Ig0X31ZvWCEK7X34e/90yU3S8iBzPsG8pbW.Q35.oTnzc4zy'),
       (274, 'Evgeniy27', 'evgeniy1@email.com27', '$2a$08$Q/SBZjuplEJiq/8/.lyI1e2jJWGNohNT/W0QsZREMh6fv/QV2iPnO'),
       (275, 'Maxim27', 'maxim1@email.com27', '$2a$08$RrS3k8Ju3HsQQMayjyWoo.GFJKPZHN3qRWM0m6IQdFu3ArqQcylly'),
       (276, 'Aleksey27', 'aleksey1@email.com27', '$2a$08$Oywf3x2yi6FIajm5vy6COeQ8.VH9aGa56JZz94kvJ1sBqro1deXrm'),
       (277, 'Andrey27', 'andrey1@email.com27', '$2a$08$/rFFtQXipTqEIDNgB6YQkuNC27Jc0EQ4rxJKU3qfLMCx2rWx45nlC'),
       (278, 'Anton27', 'anton1@email.com27', '$2a$08$a9exxqlq66uk7K7Yv1Mr2OMfbK9bpJhKIot.wfbSTNYd9duoB2gWm'),
       (279, 'Lena27', 'lena1@email.com27', '$2a$08$mQLUqbu24AYEH/2C/3jucOxqlXTQVtp5FbyeHHSUGnO9hfDu/U9Fe'),
       (280, 'Egor28', 'egor1@email.com28', '$2a$08$mPB1SD6EPLn6fvq2PJHlxueK5K4GEVaEvRoVCSfo./7UZFX2bDwQ2'),
       (281, 'Ivan28', 'ivan1@gmail.com28', '$2a$08$plzpKbQGMw.pNkARmqy8pefPqz/teXsDQgci/meEFbmKCLC3sloya'),
       (282, 'Sergey28', 'sergey1@email.com28', '$2a$08$ix3KLBGY4OfsGPY.tTbcJ.3J8kSEOxo1qv/Bb7FwjYmvAv2rKPFdS'),
       (283, 'Vega28', 'vera1@gmail.com28', '$2a$08$RbpBwZy0JyG4grK4YdcSUu8OXKVCQ5.F0ZJl3K2QvtU9tZleuGPT.'),
       (284, 'Evgeniy28', 'evgeniy1@email.com28', '$2a$08$gEtbgSmevFNN89hSiZcLoOd1zeVsLJvuoblh38NC1yAprqSK7tY3m'),
       (285, 'Maxim28', 'maxim1@email.com28', '$2a$08$SUHWqanLm/3B6RZ.tq7JbOu6QS6PTNSVGZ/dl4NeZn9zZrcD3eWg6'),
       (286, 'Aleksey28', 'aleksey1@email.com28', '$2a$08$gMNRsSli9fYvMSSNXDhLeOU4LWsVnQqVAHIJLDy8xjj7APIM7oWhu'),
       (287, 'Andrey28', 'andrey1@email.com28', '$2a$08$fgnyp.NXCm4B3TPlrY0wSuHyjSB7q0F7A2PLRhIyhxKNSqiP7hZVe'),
       (288, 'Anton28', 'anton1@email.com28', '$2a$08$oDUrbXtnx0RmJWYLqpA.QeptfeNvKTFcFvT.JkzJiDwQFofdUMzuS'),
       (289, 'Lena28', 'lena1@email.com28', '$2a$08$zyR2//MuVFzFUP2kXuwsAOfACqAycB75p03gDiG947k5S7aFJ.gsK'),
       (290, 'Egor29', 'egor1@email.com29', '$2a$08$IvStkjws9i48pe1fV0JBbefe7W.c09vdzz5bQ14tdM7B8BHZWKnOG'),
       (291, 'Ivan29', 'ivan1@gmail.com29', '$2a$08$YjPhbMWzmdcp/cWkX10jzuthgiDiAd/U8vCU9Bl/Dh9ESlfNfQnOm'),
       (292, 'Sergey29', 'sergey1@email.com29', '$2a$08$Iu0C4Y00aipmE4YhCBZ.9.tlvo4GN0VTGgEGOHYuv8O0QFGeYZrVW'),
       (293, 'Vega29', 'vera1@gmail.com29', '$2a$08$wup8GjZ2Bd5DuvOqVZiLh.oeJCsVDQ74Pb/go8pcSCX/OIg198VZe'),
       (294, 'Evgeniy29', 'evgeniy1@email.com29', '$2a$08$H.t2vylfdmKEeHChWmkYJeXH9/RsiSW7VSxLtEVRvLA6NpOK.iUKa'),
       (295, 'Maxim29', 'maxim1@email.com29', '$2a$08$QcBlANQzT2xk8FSIHK6Uley3wLuwvGV1RsGByPdBDEzf55BTmBH1.'),
       (296, 'Aleksey29', 'aleksey1@email.com29', '$2a$08$8KNZth85A8zgxGGHIG9B1OrySZ/MfYa.6PO0eG8V0ipr79mDDRgby'),
       (297, 'Andrey29', 'andrey1@email.com29', '$2a$08$5IZgLd6KXiqFF2ycN9LLK.lYOXbxKNOYLCTx.OKauz.2aSZfYfq.S'),
       (298, 'Anton29', 'anton1@email.com29', '$2a$08$PJFWMz8P4Ibpg0EJF0OZIORjl3sMKJOlJw5Z.Omo2KxUbpFvx8AY2'),
       (299, 'Lena29', 'lena1@email.com29', '$2a$08$cM634FRVxNLfItXTMnvzK.ecF11XcheuTqA2zNoHYKnXIZaXk.WeC'),
       (300, 'Egor30', 'egor1@email.com30', '$2a$08$62ZznjOCBXPbYLzfKPCcrOHyZVEDlKZ5FHg6aMAmia3UlWwUmU1rS'),
       (301, 'Ivan30', 'ivan1@gmail.com30', '$2a$08$ZO8/2sMEvxM4x8MsFXEG.OUmMmi15Zo3A536eS4Vx0X9iE2qIwEXS'),
       (302, 'Sergey30', 'sergey1@email.com30', '$2a$08$V6BIb8k5BG.2SRlZeumtwuLFmMnOa2vMVMQkBVYwEr7P1PQu7PP7a'),
       (303, 'Vega30', 'vera1@gmail.com30', '$2a$08$pxJfmoOmoA97q6iZWSrotekTmvGJQCVK5sfEyT99wtClFS7YsDPOK'),
       (304, 'Evgeniy30', 'evgeniy1@email.com30', '$2a$08$eF8WfUfOi2rlUnWJClIeNu0k/lciu4LK0eKSXdCCH3awQojzNyAxy'),
       (305, 'Maxim30', 'maxim1@email.com30', '$2a$08$2ZONgPFWfFi7R6WPIrlSTeJh.Su8MT0UyGxIzgJQWzIGyi7ehn/hS'),
       (306, 'Aleksey30', 'aleksey1@email.com30', '$2a$08$lJN37LY7Hp2XpnEd0gt4bOb7URGig5otlUjPPCsNOTEXFZO3d4./G'),
       (307, 'Andrey30', 'andrey1@email.com30', '$2a$08$wE.Tkp0FifLZqlw9gzFHWeBjEK20kEEuWGKcwUg4hf7Qaa9uWr7Bq'),
       (308, 'Anton30', 'anton1@email.com30', '$2a$08$heK3DpgMaxi2QVrsBmchNubY3Ab7Ze5gI/3m1o14Svq6xFRODbwyO'),
       (309, 'Lena30', 'lena1@email.com30', '$2a$08$HJ11ibvK4E/n.FtxXzZb.OMAc3eqRUvxp6tz9m1Zy4BWJJJbduEue'),
       (310, 'Egor31', 'egor1@email.com31', '$2a$08$KY.4RkKv.L.eD3kfzYeLuecXjcKmWQHhV8866m6CDmkYMnnnZOAC6'),
       (311, 'Ivan31', 'ivan1@gmail.com31', '$2a$08$xl3tblD.HcS6sXg8QqSSe.VxpvB80h.nLn543SWP7YAZNAxvoIq4G'),
       (312, 'Sergey31', 'sergey1@email.com31', '$2a$08$OHf2ZlfqgtPL6aLm0oSNjObgI9wQxUYfsuce.yGi/vKnwXiSiLowe'),
       (313, 'Vega31', 'vera1@gmail.com31', '$2a$08$otNPRJjmBkNXtik2k2sAeudFRGjRU56pjI5eLh8.JDOszvpydAZiu'),
       (314, 'Evgeniy31', 'evgeniy1@email.com31', '$2a$08$5/1HnOqEOQ.6W6Gh7hT.jOx2RZO26EeBDNSqGBZby.tdTr0HU43MC'),
       (315, 'Maxim31', 'maxim1@email.com31', '$2a$08$m7iVzEk5jK0ppq/fMh1bQO7oA93KRwngG9dvvK3iqQLs.gqwPl/Xy'),
       (316, 'Aleksey31', 'aleksey1@email.com31', '$2a$08$1v5Y0oD2WIgWKZuEORrbA.KOcMYmlC9gJnrv175nWwCeDUUBMieQG'),
       (317, 'Andrey31', 'andrey1@email.com31', '$2a$08$qkT4Y7PPboG4W4xnaFbKWug66wLUTE4GBS62PpB2j.nOIxivN8uHe'),
       (318, 'Anton31', 'anton1@email.com31', '$2a$08$VPNkvwSV8GzcSoNW.KhW3OkYOOwNWdAS5QkK.kGk4rg4IzXz4Lthu'),
       (319, 'Lena31', 'lena1@email.com31', '$2a$08$ygk.fxp1hR7ec7r5bWRwXe6iC1l974hnQKwYVr7USVdH5PZJGDkgW'),
       (320, 'Egor32', 'egor1@email.com32', '$2a$08$2d8zW2Rs7NuH6r/zkHS1E.oCvYpCIfQCmyzDiiv11bCV.pisr2OvO'),
       (321, 'Ivan32', 'ivan1@gmail.com32', '$2a$08$nRhEPlYXruowsOwNVwHmV.PspCT8SESql5kPZDHyWMiXonMyuXthy'),
       (322, 'Sergey32', 'sergey1@email.com32', '$2a$08$gfKqIJkvlKPWoPQub9PtmOyI9tMRILa6GaCvX2xxPBQSHdIJyzetW'),
       (323, 'Vega32', 'vera1@gmail.com32', '$2a$08$.o.G6Ig0X31ZvWCEK7X34e/90yU3S8iBzPsG8pbW.Q35.oTnzc4zy'),
       (324, 'Evgeniy32', 'evgeniy1@email.com32', '$2a$08$Q/SBZjuplEJiq/8/.lyI1e2jJWGNohNT/W0QsZREMh6fv/QV2iPnO'),
       (325, 'Maxim32', 'maxim1@email.com32', '$2a$08$RrS3k8Ju3HsQQMayjyWoo.GFJKPZHN3qRWM0m6IQdFu3ArqQcylly'),
       (326, 'Aleksey32', 'aleksey1@email.com32', '$2a$08$Oywf3x2yi6FIajm5vy6COeQ8.VH9aGa56JZz94kvJ1sBqro1deXrm'),
       (327, 'Andrey32', 'andrey1@email.com32', '$2a$08$/rFFtQXipTqEIDNgB6YQkuNC27Jc0EQ4rxJKU3qfLMCx2rWx45nlC'),
       (328, 'Anton32', 'anton1@email.com32', '$2a$08$a9exxqlq66uk7K7Yv1Mr2OMfbK9bpJhKIot.wfbSTNYd9duoB2gWm'),
       (329, 'Lena32', 'lena1@email.com32', '$2a$08$mQLUqbu24AYEH/2C/3jucOxqlXTQVtp5FbyeHHSUGnO9hfDu/U9Fe'),
       (330, 'Egor33', 'egor1@email.com33', '$2a$08$mPB1SD6EPLn6fvq2PJHlxueK5K4GEVaEvRoVCSfo./7UZFX2bDwQ2'),
       (331, 'Ivan33', 'ivan1@gmail.com33', '$2a$08$plzpKbQGMw.pNkARmqy8pefPqz/teXsDQgci/meEFbmKCLC3sloya'),
       (332, 'Sergey33', 'sergey1@email.com33', '$2a$08$ix3KLBGY4OfsGPY.tTbcJ.3J8kSEOxo1qv/Bb7FwjYmvAv2rKPFdS'),
       (333, 'Vega33', 'vera1@gmail.com33', '$2a$08$RbpBwZy0JyG4grK4YdcSUu8OXKVCQ5.F0ZJl3K2QvtU9tZleuGPT.'),
       (334, 'Evgeniy33', 'evgeniy1@email.com33', '$2a$08$gEtbgSmevFNN89hSiZcLoOd1zeVsLJvuoblh38NC1yAprqSK7tY3m'),
       (335, 'Maxim33', 'maxim1@email.com33', '$2a$08$SUHWqanLm/3B6RZ.tq7JbOu6QS6PTNSVGZ/dl4NeZn9zZrcD3eWg6'),
       (336, 'Aleksey33', 'aleksey1@email.com33', '$2a$08$gMNRsSli9fYvMSSNXDhLeOU4LWsVnQqVAHIJLDy8xjj7APIM7oWhu'),
       (337, 'Andrey33', 'andrey1@email.com33', '$2a$08$fgnyp.NXCm4B3TPlrY0wSuHyjSB7q0F7A2PLRhIyhxKNSqiP7hZVe'),
       (338, 'Anton33', 'anton1@email.com33', '$2a$08$oDUrbXtnx0RmJWYLqpA.QeptfeNvKTFcFvT.JkzJiDwQFofdUMzuS'),
       (339, 'Lena33', 'lena1@email.com33', '$2a$08$zyR2//MuVFzFUP2kXuwsAOfACqAycB75p03gDiG947k5S7aFJ.gsK'),
       (340, 'Egor34', 'egor1@email.com34', '$2a$08$IvStkjws9i48pe1fV0JBbefe7W.c09vdzz5bQ14tdM7B8BHZWKnOG'),
       (341, 'Ivan34', 'ivan1@gmail.com34', '$2a$08$YjPhbMWzmdcp/cWkX10jzuthgiDiAd/U8vCU9Bl/Dh9ESlfNfQnOm'),
       (342, 'Sergey34', 'sergey1@email.com34', '$2a$08$Iu0C4Y00aipmE4YhCBZ.9.tlvo4GN0VTGgEGOHYuv8O0QFGeYZrVW'),
       (343, 'Vega34', 'vera1@gmail.com34', '$2a$08$wup8GjZ2Bd5DuvOqVZiLh.oeJCsVDQ74Pb/go8pcSCX/OIg198VZe'),
       (344, 'Evgeniy34', 'evgeniy1@email.com34', '$2a$08$H.t2vylfdmKEeHChWmkYJeXH9/RsiSW7VSxLtEVRvLA6NpOK.iUKa'),
       (345, 'Maxim34', 'maxim1@email.com34', '$2a$08$QcBlANQzT2xk8FSIHK6Uley3wLuwvGV1RsGByPdBDEzf55BTmBH1.'),
       (346, 'Aleksey34', 'aleksey1@email.com34', '$2a$08$8KNZth85A8zgxGGHIG9B1OrySZ/MfYa.6PO0eG8V0ipr79mDDRgby'),
       (347, 'Andrey34', 'andrey1@email.com34', '$2a$08$5IZgLd6KXiqFF2ycN9LLK.lYOXbxKNOYLCTx.OKauz.2aSZfYfq.S'),
       (348, 'Anton34', 'anton1@email.com34', '$2a$08$PJFWMz8P4Ibpg0EJF0OZIORjl3sMKJOlJw5Z.Omo2KxUbpFvx8AY2'),
       (349, 'Lena34', 'lena1@email.com34', '$2a$08$cM634FRVxNLfItXTMnvzK.ecF11XcheuTqA2zNoHYKnXIZaXk.WeC'),
       (350, 'Egor35', 'egor1@email.com35', '$2a$08$62ZznjOCBXPbYLzfKPCcrOHyZVEDlKZ5FHg6aMAmia3UlWwUmU1rS'),
       (351, 'Ivan35', 'ivan1@gmail.com35', '$2a$08$ZO8/2sMEvxM4x8MsFXEG.OUmMmi15Zo3A536eS4Vx0X9iE2qIwEXS'),
       (352, 'Sergey35', 'sergey1@email.com35', '$2a$08$V6BIb8k5BG.2SRlZeumtwuLFmMnOa2vMVMQkBVYwEr7P1PQu7PP7a'),
       (353, 'Vega35', 'vera1@gmail.com35', '$2a$08$pxJfmoOmoA97q6iZWSrotekTmvGJQCVK5sfEyT99wtClFS7YsDPOK'),
       (354, 'Evgeniy35', 'evgeniy1@email.com35', '$2a$08$eF8WfUfOi2rlUnWJClIeNu0k/lciu4LK0eKSXdCCH3awQojzNyAxy'),
       (355, 'Maxim35', 'maxim1@email.com35', '$2a$08$2ZONgPFWfFi7R6WPIrlSTeJh.Su8MT0UyGxIzgJQWzIGyi7ehn/hS'),
       (356, 'Aleksey35', 'aleksey1@email.com35', '$2a$08$lJN37LY7Hp2XpnEd0gt4bOb7URGig5otlUjPPCsNOTEXFZO3d4./G'),
       (357, 'Andrey35', 'andrey1@email.com35', '$2a$08$wE.Tkp0FifLZqlw9gzFHWeBjEK20kEEuWGKcwUg4hf7Qaa9uWr7Bq'),
       (358, 'Anton35', 'anton1@email.com35', '$2a$08$heK3DpgMaxi2QVrsBmchNubY3Ab7Ze5gI/3m1o14Svq6xFRODbwyO'),
       (359, 'Lena35', 'lena1@email.com35', '$2a$08$HJ11ibvK4E/n.FtxXzZb.OMAc3eqRUvxp6tz9m1Zy4BWJJJbduEue'),
       (360, 'Egor36', 'egor1@email.com36', '$2a$08$KY.4RkKv.L.eD3kfzYeLuecXjcKmWQHhV8866m6CDmkYMnnnZOAC6'),
       (361, 'Ivan36', 'ivan1@gmail.com36', '$2a$08$xl3tblD.HcS6sXg8QqSSe.VxpvB80h.nLn543SWP7YAZNAxvoIq4G'),
       (362, 'Sergey36', 'sergey1@email.com36', '$2a$08$OHf2ZlfqgtPL6aLm0oSNjObgI9wQxUYfsuce.yGi/vKnwXiSiLowe'),
       (363, 'Vega36', 'vera1@gmail.com36', '$2a$08$otNPRJjmBkNXtik2k2sAeudFRGjRU56pjI5eLh8.JDOszvpydAZiu'),
       (364, 'Evgeniy36', 'evgeniy1@email.com36', '$2a$08$5/1HnOqEOQ.6W6Gh7hT.jOx2RZO26EeBDNSqGBZby.tdTr0HU43MC'),
       (365, 'Maxim36', 'maxim1@email.com36', '$2a$08$m7iVzEk5jK0ppq/fMh1bQO7oA93KRwngG9dvvK3iqQLs.gqwPl/Xy'),
       (366, 'Aleksey36', 'aleksey1@email.com36', '$2a$08$1v5Y0oD2WIgWKZuEORrbA.KOcMYmlC9gJnrv175nWwCeDUUBMieQG'),
       (367, 'Andrey36', 'andrey1@email.com36', '$2a$08$qkT4Y7PPboG4W4xnaFbKWug66wLUTE4GBS62PpB2j.nOIxivN8uHe'),
       (368, 'Anton36', 'anton1@email.com36', '$2a$08$VPNkvwSV8GzcSoNW.KhW3OkYOOwNWdAS5QkK.kGk4rg4IzXz4Lthu'),
       (369, 'Lena36', 'lena1@email.com36', '$2a$08$ygk.fxp1hR7ec7r5bWRwXe6iC1l974hnQKwYVr7USVdH5PZJGDkgW'),
       (370, 'Egor37', 'egor1@email.com37', '$2a$08$2d8zW2Rs7NuH6r/zkHS1E.oCvYpCIfQCmyzDiiv11bCV.pisr2OvO'),
       (371, 'Ivan37', 'ivan1@gmail.com37', '$2a$08$nRhEPlYXruowsOwNVwHmV.PspCT8SESql5kPZDHyWMiXonMyuXthy'),
       (372, 'Sergey37', 'sergey1@email.com37', '$2a$08$gfKqIJkvlKPWoPQub9PtmOyI9tMRILa6GaCvX2xxPBQSHdIJyzetW'),
       (373, 'Vega37', 'vera1@gmail.com37', '$2a$08$.o.G6Ig0X31ZvWCEK7X34e/90yU3S8iBzPsG8pbW.Q35.oTnzc4zy'),
       (374, 'Evgeniy37', 'evgeniy1@email.com37', '$2a$08$Q/SBZjuplEJiq/8/.lyI1e2jJWGNohNT/W0QsZREMh6fv/QV2iPnO'),
       (375, 'Maxim37', 'maxim1@email.com37', '$2a$08$RrS3k8Ju3HsQQMayjyWoo.GFJKPZHN3qRWM0m6IQdFu3ArqQcylly'),
       (376, 'Aleksey37', 'aleksey1@email.com37', '$2a$08$Oywf3x2yi6FIajm5vy6COeQ8.VH9aGa56JZz94kvJ1sBqro1deXrm'),
       (377, 'Andrey37', 'andrey1@email.com37', '$2a$08$/rFFtQXipTqEIDNgB6YQkuNC27Jc0EQ4rxJKU3qfLMCx2rWx45nlC'),
       (378, 'Anton37', 'anton1@email.com37', '$2a$08$a9exxqlq66uk7K7Yv1Mr2OMfbK9bpJhKIot.wfbSTNYd9duoB2gWm'),
       (379, 'Lena37', 'lena1@email.com37', '$2a$08$mQLUqbu24AYEH/2C/3jucOxqlXTQVtp5FbyeHHSUGnO9hfDu/U9Fe'),
       (380, 'Egor38', 'egor1@email.com38', '$2a$08$mPB1SD6EPLn6fvq2PJHlxueK5K4GEVaEvRoVCSfo./7UZFX2bDwQ2'),
       (381, 'Ivan38', 'ivan1@gmail.com38', '$2a$08$plzpKbQGMw.pNkARmqy8pefPqz/teXsDQgci/meEFbmKCLC3sloya'),
       (382, 'Sergey38', 'sergey1@email.com38', '$2a$08$ix3KLBGY4OfsGPY.tTbcJ.3J8kSEOxo1qv/Bb7FwjYmvAv2rKPFdS'),
       (383, 'Vega38', 'vera1@gmail.com38', '$2a$08$RbpBwZy0JyG4grK4YdcSUu8OXKVCQ5.F0ZJl3K2QvtU9tZleuGPT.'),
       (384, 'Evgeniy38', 'evgeniy1@email.com38', '$2a$08$gEtbgSmevFNN89hSiZcLoOd1zeVsLJvuoblh38NC1yAprqSK7tY3m'),
       (385, 'Maxim38', 'maxim1@email.com38', '$2a$08$SUHWqanLm/3B6RZ.tq7JbOu6QS6PTNSVGZ/dl4NeZn9zZrcD3eWg6'),
       (386, 'Aleksey38', 'aleksey1@email.com38', '$2a$08$gMNRsSli9fYvMSSNXDhLeOU4LWsVnQqVAHIJLDy8xjj7APIM7oWhu'),
       (387, 'Andrey38', 'andrey1@email.com38', '$2a$08$fgnyp.NXCm4B3TPlrY0wSuHyjSB7q0F7A2PLRhIyhxKNSqiP7hZVe'),
       (388, 'Anton38', 'anton1@email.com38', '$2a$08$oDUrbXtnx0RmJWYLqpA.QeptfeNvKTFcFvT.JkzJiDwQFofdUMzuS'),
       (389, 'Lena38', 'lena1@email.com38', '$2a$08$zyR2//MuVFzFUP2kXuwsAOfACqAycB75p03gDiG947k5S7aFJ.gsK'),
       (390, 'Egor39', 'egor1@email.com39', '$2a$08$IvStkjws9i48pe1fV0JBbefe7W.c09vdzz5bQ14tdM7B8BHZWKnOG'),
       (391, 'Ivan39', 'ivan1@gmail.com39', '$2a$08$YjPhbMWzmdcp/cWkX10jzuthgiDiAd/U8vCU9Bl/Dh9ESlfNfQnOm'),
       (392, 'Sergey39', 'sergey1@email.com39', '$2a$08$Iu0C4Y00aipmE4YhCBZ.9.tlvo4GN0VTGgEGOHYuv8O0QFGeYZrVW'),
       (393, 'Vega39', 'vera1@gmail.com39', '$2a$08$wup8GjZ2Bd5DuvOqVZiLh.oeJCsVDQ74Pb/go8pcSCX/OIg198VZe'),
       (394, 'Evgeniy39', 'evgeniy1@email.com39', '$2a$08$H.t2vylfdmKEeHChWmkYJeXH9/RsiSW7VSxLtEVRvLA6NpOK.iUKa'),
       (395, 'Maxim39', 'maxim1@email.com39', '$2a$08$QcBlANQzT2xk8FSIHK6Uley3wLuwvGV1RsGByPdBDEzf55BTmBH1.'),
       (396, 'Aleksey39', 'aleksey1@email.com39', '$2a$08$8KNZth85A8zgxGGHIG9B1OrySZ/MfYa.6PO0eG8V0ipr79mDDRgby'),
       (397, 'Andrey39', 'andrey1@email.com39', '$2a$08$5IZgLd6KXiqFF2ycN9LLK.lYOXbxKNOYLCTx.OKauz.2aSZfYfq.S'),
       (398, 'Anton39', 'anton1@email.com39', '$2a$08$PJFWMz8P4Ibpg0EJF0OZIORjl3sMKJOlJw5Z.Omo2KxUbpFvx8AY2'),
       (399, 'Lena39', 'lena1@email.com39', '$2a$08$cM634FRVxNLfItXTMnvzK.ecF11XcheuTqA2zNoHYKnXIZaXk.WeC'),
       (400, 'Egor40', 'egor1@email.com40', '$2a$08$62ZznjOCBXPbYLzfKPCcrOHyZVEDlKZ5FHg6aMAmia3UlWwUmU1rS'),
       (401, 'Ivan40', 'ivan1@gmail.com40', '$2a$08$ZO8/2sMEvxM4x8MsFXEG.OUmMmi15Zo3A536eS4Vx0X9iE2qIwEXS'),
       (402, 'Sergey40', 'sergey1@email.com40', '$2a$08$V6BIb8k5BG.2SRlZeumtwuLFmMnOa2vMVMQkBVYwEr7P1PQu7PP7a'),
       (403, 'Vega40', 'vera1@gmail.com40', '$2a$08$pxJfmoOmoA97q6iZWSrotekTmvGJQCVK5sfEyT99wtClFS7YsDPOK'),
       (404, 'Evgeniy40', 'evgeniy1@email.com40', '$2a$08$eF8WfUfOi2rlUnWJClIeNu0k/lciu4LK0eKSXdCCH3awQojzNyAxy'),
       (405, 'Maxim40', 'maxim1@email.com40', '$2a$08$2ZONgPFWfFi7R6WPIrlSTeJh.Su8MT0UyGxIzgJQWzIGyi7ehn/hS'),
       (406, 'Aleksey40', 'aleksey1@email.com40', '$2a$08$lJN37LY7Hp2XpnEd0gt4bOb7URGig5otlUjPPCsNOTEXFZO3d4./G'),
       (407, 'Andrey40', 'andrey1@email.com40', '$2a$08$wE.Tkp0FifLZqlw9gzFHWeBjEK20kEEuWGKcwUg4hf7Qaa9uWr7Bq'),
       (408, 'Anton40', 'anton1@email.com40', '$2a$08$heK3DpgMaxi2QVrsBmchNubY3Ab7Ze5gI/3m1o14Svq6xFRODbwyO'),
       (409, 'Lena40', 'lena1@email.com40', '$2a$08$HJ11ibvK4E/n.FtxXzZb.OMAc3eqRUvxp6tz9m1Zy4BWJJJbduEue'),
       (410, 'Egor41', 'egor1@email.com41', '$2a$08$KY.4RkKv.L.eD3kfzYeLuecXjcKmWQHhV8866m6CDmkYMnnnZOAC6'),
       (411, 'Ivan41', 'ivan1@gmail.com41', '$2a$08$xl3tblD.HcS6sXg8QqSSe.VxpvB80h.nLn543SWP7YAZNAxvoIq4G'),
       (412, 'Sergey41', 'sergey1@email.com41', '$2a$08$OHf2ZlfqgtPL6aLm0oSNjObgI9wQxUYfsuce.yGi/vKnwXiSiLowe'),
       (413, 'Vega41', 'vera1@gmail.com41', '$2a$08$otNPRJjmBkNXtik2k2sAeudFRGjRU56pjI5eLh8.JDOszvpydAZiu'),
       (414, 'Evgeniy41', 'evgeniy1@email.com41', '$2a$08$5/1HnOqEOQ.6W6Gh7hT.jOx2RZO26EeBDNSqGBZby.tdTr0HU43MC'),
       (415, 'Maxim41', 'maxim1@email.com41', '$2a$08$m7iVzEk5jK0ppq/fMh1bQO7oA93KRwngG9dvvK3iqQLs.gqwPl/Xy'),
       (416, 'Aleksey41', 'aleksey1@email.com41', '$2a$08$1v5Y0oD2WIgWKZuEORrbA.KOcMYmlC9gJnrv175nWwCeDUUBMieQG'),
       (417, 'Andrey41', 'andrey1@email.com41', '$2a$08$qkT4Y7PPboG4W4xnaFbKWug66wLUTE4GBS62PpB2j.nOIxivN8uHe'),
       (418, 'Anton41', 'anton1@email.com41', '$2a$08$VPNkvwSV8GzcSoNW.KhW3OkYOOwNWdAS5QkK.kGk4rg4IzXz4Lthu'),
       (419, 'Lena41', 'lena1@email.com41', '$2a$08$ygk.fxp1hR7ec7r5bWRwXe6iC1l974hnQKwYVr7USVdH5PZJGDkgW'),
       (420, 'Egor42', 'egor1@email.com42', '$2a$08$2d8zW2Rs7NuH6r/zkHS1E.oCvYpCIfQCmyzDiiv11bCV.pisr2OvO'),
       (421, 'Ivan42', 'ivan1@gmail.com42', '$2a$08$nRhEPlYXruowsOwNVwHmV.PspCT8SESql5kPZDHyWMiXonMyuXthy'),
       (422, 'Sergey42', 'sergey1@email.com42', '$2a$08$gfKqIJkvlKPWoPQub9PtmOyI9tMRILa6GaCvX2xxPBQSHdIJyzetW'),
       (423, 'Vega42', 'vera1@gmail.com42', '$2a$08$.o.G6Ig0X31ZvWCEK7X34e/90yU3S8iBzPsG8pbW.Q35.oTnzc4zy'),
       (424, 'Evgeniy42', 'evgeniy1@email.com42', '$2a$08$Q/SBZjuplEJiq/8/.lyI1e2jJWGNohNT/W0QsZREMh6fv/QV2iPnO'),
       (425, 'Maxim42', 'maxim1@email.com42', '$2a$08$RrS3k8Ju3HsQQMayjyWoo.GFJKPZHN3qRWM0m6IQdFu3ArqQcylly'),
       (426, 'Aleksey42', 'aleksey1@email.com42', '$2a$08$Oywf3x2yi6FIajm5vy6COeQ8.VH9aGa56JZz94kvJ1sBqro1deXrm'),
       (427, 'Andrey42', 'andrey1@email.com42', '$2a$08$/rFFtQXipTqEIDNgB6YQkuNC27Jc0EQ4rxJKU3qfLMCx2rWx45nlC'),
       (428, 'Anton42', 'anton1@email.com42', '$2a$08$a9exxqlq66uk7K7Yv1Mr2OMfbK9bpJhKIot.wfbSTNYd9duoB2gWm'),
       (429, 'Lena42', 'lena1@email.com42', '$2a$08$mQLUqbu24AYEH/2C/3jucOxqlXTQVtp5FbyeHHSUGnO9hfDu/U9Fe'),
       (430, 'Egor43', 'egor1@email.com43', '$2a$08$mPB1SD6EPLn6fvq2PJHlxueK5K4GEVaEvRoVCSfo./7UZFX2bDwQ2'),
       (431, 'Ivan43', 'ivan1@gmail.com43', '$2a$08$plzpKbQGMw.pNkARmqy8pefPqz/teXsDQgci/meEFbmKCLC3sloya'),
       (432, 'Sergey43', 'sergey1@email.com43', '$2a$08$ix3KLBGY4OfsGPY.tTbcJ.3J8kSEOxo1qv/Bb7FwjYmvAv2rKPFdS'),
       (433, 'Vega43', 'vera1@gmail.com43', '$2a$08$RbpBwZy0JyG4grK4YdcSUu8OXKVCQ5.F0ZJl3K2QvtU9tZleuGPT.'),
       (434, 'Evgeniy43', 'evgeniy1@email.com43', '$2a$08$gEtbgSmevFNN89hSiZcLoOd1zeVsLJvuoblh38NC1yAprqSK7tY3m'),
       (435, 'Maxim43', 'maxim1@email.com43', '$2a$08$SUHWqanLm/3B6RZ.tq7JbOu6QS6PTNSVGZ/dl4NeZn9zZrcD3eWg6'),
       (436, 'Aleksey43', 'aleksey1@email.com43', '$2a$08$gMNRsSli9fYvMSSNXDhLeOU4LWsVnQqVAHIJLDy8xjj7APIM7oWhu'),
       (437, 'Andrey43', 'andrey1@email.com43', '$2a$08$fgnyp.NXCm4B3TPlrY0wSuHyjSB7q0F7A2PLRhIyhxKNSqiP7hZVe'),
       (438, 'Anton43', 'anton1@email.com43', '$2a$08$oDUrbXtnx0RmJWYLqpA.QeptfeNvKTFcFvT.JkzJiDwQFofdUMzuS'),
       (439, 'Lena43', 'lena1@email.com43', '$2a$08$zyR2//MuVFzFUP2kXuwsAOfACqAycB75p03gDiG947k5S7aFJ.gsK'),
       (440, 'Egor44', 'egor1@email.com44', '$2a$08$IvStkjws9i48pe1fV0JBbefe7W.c09vdzz5bQ14tdM7B8BHZWKnOG'),
       (441, 'Ivan44', 'ivan1@gmail.com44', '$2a$08$YjPhbMWzmdcp/cWkX10jzuthgiDiAd/U8vCU9Bl/Dh9ESlfNfQnOm'),
       (442, 'Sergey44', 'sergey1@email.com44', '$2a$08$Iu0C4Y00aipmE4YhCBZ.9.tlvo4GN0VTGgEGOHYuv8O0QFGeYZrVW'),
       (443, 'Vega44', 'vera1@gmail.com44', '$2a$08$wup8GjZ2Bd5DuvOqVZiLh.oeJCsVDQ74Pb/go8pcSCX/OIg198VZe'),
       (444, 'Evgeniy44', 'evgeniy1@email.com44', '$2a$08$H.t2vylfdmKEeHChWmkYJeXH9/RsiSW7VSxLtEVRvLA6NpOK.iUKa'),
       (445, 'Maxim44', 'maxim1@email.com44', '$2a$08$QcBlANQzT2xk8FSIHK6Uley3wLuwvGV1RsGByPdBDEzf55BTmBH1.'),
       (446, 'Aleksey44', 'aleksey1@email.com44', '$2a$08$8KNZth85A8zgxGGHIG9B1OrySZ/MfYa.6PO0eG8V0ipr79mDDRgby'),
       (447, 'Andrey44', 'andrey1@email.com44', '$2a$08$5IZgLd6KXiqFF2ycN9LLK.lYOXbxKNOYLCTx.OKauz.2aSZfYfq.S'),
       (448, 'Anton44', 'anton1@email.com44', '$2a$08$PJFWMz8P4Ibpg0EJF0OZIORjl3sMKJOlJw5Z.Omo2KxUbpFvx8AY2'),
       (449, 'Lena44', 'lena1@email.com44', '$2a$08$cM634FRVxNLfItXTMnvzK.ecF11XcheuTqA2zNoHYKnXIZaXk.WeC'),
       (450, 'Egor45', 'egor1@email.com45', '$2a$08$62ZznjOCBXPbYLzfKPCcrOHyZVEDlKZ5FHg6aMAmia3UlWwUmU1rS'),
       (451, 'Ivan45', 'ivan1@gmail.com45', '$2a$08$ZO8/2sMEvxM4x8MsFXEG.OUmMmi15Zo3A536eS4Vx0X9iE2qIwEXS'),
       (452, 'Sergey45', 'sergey1@email.com45', '$2a$08$V6BIb8k5BG.2SRlZeumtwuLFmMnOa2vMVMQkBVYwEr7P1PQu7PP7a'),
       (453, 'Vega45', 'vera1@gmail.com45', '$2a$08$pxJfmoOmoA97q6iZWSrotekTmvGJQCVK5sfEyT99wtClFS7YsDPOK'),
       (454, 'Evgeniy45', 'evgeniy1@email.com45', '$2a$08$eF8WfUfOi2rlUnWJClIeNu0k/lciu4LK0eKSXdCCH3awQojzNyAxy'),
       (455, 'Maxim45', 'maxim1@email.com45', '$2a$08$2ZONgPFWfFi7R6WPIrlSTeJh.Su8MT0UyGxIzgJQWzIGyi7ehn/hS'),
       (456, 'Aleksey45', 'aleksey1@email.com45', '$2a$08$lJN37LY7Hp2XpnEd0gt4bOb7URGig5otlUjPPCsNOTEXFZO3d4./G'),
       (457, 'Andrey45', 'andrey1@email.com45', '$2a$08$wE.Tkp0FifLZqlw9gzFHWeBjEK20kEEuWGKcwUg4hf7Qaa9uWr7Bq'),
       (458, 'Anton45', 'anton1@email.com45', '$2a$08$heK3DpgMaxi2QVrsBmchNubY3Ab7Ze5gI/3m1o14Svq6xFRODbwyO'),
       (459, 'Lena45', 'lena1@email.com45', '$2a$08$HJ11ibvK4E/n.FtxXzZb.OMAc3eqRUvxp6tz9m1Zy4BWJJJbduEue'),
       (460, 'Egor46', 'egor1@email.com46', '$2a$08$KY.4RkKv.L.eD3kfzYeLuecXjcKmWQHhV8866m6CDmkYMnnnZOAC6'),
       (461, 'Ivan46', 'ivan1@gmail.com46', '$2a$08$xl3tblD.HcS6sXg8QqSSe.VxpvB80h.nLn543SWP7YAZNAxvoIq4G'),
       (462, 'Sergey46', 'sergey1@email.com46', '$2a$08$OHf2ZlfqgtPL6aLm0oSNjObgI9wQxUYfsuce.yGi/vKnwXiSiLowe'),
       (463, 'Vega46', 'vera1@gmail.com46', '$2a$08$otNPRJjmBkNXtik2k2sAeudFRGjRU56pjI5eLh8.JDOszvpydAZiu'),
       (464, 'Evgeniy46', 'evgeniy1@email.com46', '$2a$08$5/1HnOqEOQ.6W6Gh7hT.jOx2RZO26EeBDNSqGBZby.tdTr0HU43MC'),
       (465, 'Maxim46', 'maxim1@email.com46', '$2a$08$m7iVzEk5jK0ppq/fMh1bQO7oA93KRwngG9dvvK3iqQLs.gqwPl/Xy'),
       (466, 'Aleksey46', 'aleksey1@email.com46', '$2a$08$1v5Y0oD2WIgWKZuEORrbA.KOcMYmlC9gJnrv175nWwCeDUUBMieQG'),
       (467, 'Andrey46', 'andrey1@email.com46', '$2a$08$qkT4Y7PPboG4W4xnaFbKWug66wLUTE4GBS62PpB2j.nOIxivN8uHe'),
       (468, 'Anton46', 'anton1@email.com46', '$2a$08$VPNkvwSV8GzcSoNW.KhW3OkYOOwNWdAS5QkK.kGk4rg4IzXz4Lthu'),
       (469, 'Lena46', 'lena1@email.com46', '$2a$08$ygk.fxp1hR7ec7r5bWRwXe6iC1l974hnQKwYVr7USVdH5PZJGDkgW'),
       (470, 'Egor47', 'egor1@email.com47', '$2a$08$2d8zW2Rs7NuH6r/zkHS1E.oCvYpCIfQCmyzDiiv11bCV.pisr2OvO'),
       (471, 'Ivan47', 'ivan1@gmail.com47', '$2a$08$nRhEPlYXruowsOwNVwHmV.PspCT8SESql5kPZDHyWMiXonMyuXthy'),
       (472, 'Sergey47', 'sergey1@email.com47', '$2a$08$gfKqIJkvlKPWoPQub9PtmOyI9tMRILa6GaCvX2xxPBQSHdIJyzetW'),
       (473, 'Vega47', 'vera1@gmail.com47', '$2a$08$.o.G6Ig0X31ZvWCEK7X34e/90yU3S8iBzPsG8pbW.Q35.oTnzc4zy'),
       (474, 'Evgeniy47', 'evgeniy1@email.com47', '$2a$08$Q/SBZjuplEJiq/8/.lyI1e2jJWGNohNT/W0QsZREMh6fv/QV2iPnO'),
       (475, 'Maxim47', 'maxim1@email.com47', '$2a$08$RrS3k8Ju3HsQQMayjyWoo.GFJKPZHN3qRWM0m6IQdFu3ArqQcylly'),
       (476, 'Aleksey47', 'aleksey1@email.com47', '$2a$08$Oywf3x2yi6FIajm5vy6COeQ8.VH9aGa56JZz94kvJ1sBqro1deXrm'),
       (477, 'Andrey47', 'andrey1@email.com47', '$2a$08$/rFFtQXipTqEIDNgB6YQkuNC27Jc0EQ4rxJKU3qfLMCx2rWx45nlC'),
       (478, 'Anton47', 'anton1@email.com47', '$2a$08$a9exxqlq66uk7K7Yv1Mr2OMfbK9bpJhKIot.wfbSTNYd9duoB2gWm'),
       (479, 'Lena47', 'lena1@email.com47', '$2a$08$mQLUqbu24AYEH/2C/3jucOxqlXTQVtp5FbyeHHSUGnO9hfDu/U9Fe'),
       (480, 'Egor48', 'egor1@email.com48', '$2a$08$mPB1SD6EPLn6fvq2PJHlxueK5K4GEVaEvRoVCSfo./7UZFX2bDwQ2'),
       (481, 'Ivan48', 'ivan1@gmail.com48', '$2a$08$plzpKbQGMw.pNkARmqy8pefPqz/teXsDQgci/meEFbmKCLC3sloya'),
       (482, 'Sergey48', 'sergey1@email.com48', '$2a$08$ix3KLBGY4OfsGPY.tTbcJ.3J8kSEOxo1qv/Bb7FwjYmvAv2rKPFdS'),
       (483, 'Vega48', 'vera1@gmail.com48', '$2a$08$RbpBwZy0JyG4grK4YdcSUu8OXKVCQ5.F0ZJl3K2QvtU9tZleuGPT.'),
       (484, 'Evgeniy48', 'evgeniy1@email.com48', '$2a$08$gEtbgSmevFNN89hSiZcLoOd1zeVsLJvuoblh38NC1yAprqSK7tY3m'),
       (485, 'Maxim48', 'maxim1@email.com48', '$2a$08$SUHWqanLm/3B6RZ.tq7JbOu6QS6PTNSVGZ/dl4NeZn9zZrcD3eWg6'),
       (486, 'Aleksey48', 'aleksey1@email.com48', '$2a$08$gMNRsSli9fYvMSSNXDhLeOU4LWsVnQqVAHIJLDy8xjj7APIM7oWhu'),
       (487, 'Andrey48', 'andrey1@email.com48', '$2a$08$fgnyp.NXCm4B3TPlrY0wSuHyjSB7q0F7A2PLRhIyhxKNSqiP7hZVe'),
       (488, 'Anton48', 'anton1@email.com48', '$2a$08$oDUrbXtnx0RmJWYLqpA.QeptfeNvKTFcFvT.JkzJiDwQFofdUMzuS'),
       (489, 'Lena48', 'lena1@email.com48', '$2a$08$zyR2//MuVFzFUP2kXuwsAOfACqAycB75p03gDiG947k5S7aFJ.gsK'),
       (490, 'Egor49', 'egor1@email.com49', '$2a$08$IvStkjws9i48pe1fV0JBbefe7W.c09vdzz5bQ14tdM7B8BHZWKnOG'),
       (491, 'Ivan49', 'ivan1@gmail.com49', '$2a$08$YjPhbMWzmdcp/cWkX10jzuthgiDiAd/U8vCU9Bl/Dh9ESlfNfQnOm'),
       (492, 'Sergey49', 'sergey1@email.com49', '$2a$08$Iu0C4Y00aipmE4YhCBZ.9.tlvo4GN0VTGgEGOHYuv8O0QFGeYZrVW'),
       (493, 'Vega49', 'vera1@gmail.com49', '$2a$08$wup8GjZ2Bd5DuvOqVZiLh.oeJCsVDQ74Pb/go8pcSCX/OIg198VZe'),
       (494, 'Evgeniy49', 'evgeniy1@email.com49', '$2a$08$H.t2vylfdmKEeHChWmkYJeXH9/RsiSW7VSxLtEVRvLA6NpOK.iUKa'),
       (495, 'Maxim49', 'maxim1@email.com49', '$2a$08$QcBlANQzT2xk8FSIHK6Uley3wLuwvGV1RsGByPdBDEzf55BTmBH1.'),
       (496, 'Aleksey49', 'aleksey1@email.com49', '$2a$08$8KNZth85A8zgxGGHIG9B1OrySZ/MfYa.6PO0eG8V0ipr79mDDRgby'),
       (497, 'Andrey49', 'andrey1@email.com49', '$2a$08$5IZgLd6KXiqFF2ycN9LLK.lYOXbxKNOYLCTx.OKauz.2aSZfYfq.S'),
       (498, 'Anton49', 'anton1@email.com49', '$2a$08$PJFWMz8P4Ibpg0EJF0OZIORjl3sMKJOlJw5Z.Omo2KxUbpFvx8AY2'),
       (499, 'Lena49', 'lena1@email.com49', '$2a$08$cM634FRVxNLfItXTMnvzK.ecF11XcheuTqA2zNoHYKnXIZaXk.WeC'),
       (500, 'Egor50', 'egor1@email.com50', '$2a$08$62ZznjOCBXPbYLzfKPCcrOHyZVEDlKZ5FHg6aMAmia3UlWwUmU1rS');
-- INSERT INTO m_roles (user_id, role_name)
-- values (1, 'USER'),
--        (2, 'USER'),
--        (3, 'USER'),
--        (4, 'USER'),
--        (5, 'USER'),
--        (6, 'USER'),
--        (7, 'USER'),
--        (8, 'USER'),
--        (9, 'USER'),
--        (10, 'USER'),
--        (11, 'USER'),
--        (12, 'USER'),
--        (13, 'USER'),
--        (14, 'USER'),
--        (15, 'USER'),
--        (16, 'USER'),
--        (17, 'USER'),
--        (18, 'USER'),
--        (19, 'USER'),
--        (20, 'USER'),
--        (21, 'USER'),
--        (22, 'USER'),
--        (23, 'USER'),
--        (24, 'USER'),
--        (25, 'USER'),
--        (26, 'USER'),
--        (27, 'USER'),
--        (28, 'USER'),
--        (29, 'USER'),
--        (30, 'USER'),
--        (41, 'USER'),
--        (42, 'USER'),
--        (43, 'USER'),
--        (44, 'USER'),
--        (45, 'USER'),
--        (46, 'USER'),
--        (47, 'USER'),
--        (48, 'USER'),
--        (49, 'USER'),
--        (50, 'USER'),
--        (1, 'ADMIN'),
--        (2, 'ADMIN'),
--        (3, 'ADMIN'),
--        (4, 'ADMIN'),
--        (5, 'ADMIN'),
--        (6, 'ADMIN'),
--        (7, 'ADMIN'),
--        (8, 'ADMIN'),
--        (9, 'ADMIN'),
--        (10, 'ADMIN');

INSERT INTO m_roles (user_id, role_name)
values (1, 'USER'),
       (2, 'USER'),
       (3, 'USER'),
       (4, 'USER'),
       (5, 'USER'),
       (6, 'USER'),
       (7, 'USER'),
       (8, 'USER'),
       (9, 'USER'),
       (10, 'USER'),
       (11, 'USER'),
       (12, 'USER'),
       (13, 'USER'),
       (14, 'USER'),
       (15, 'USER'),
       (16, 'USER'),
       (17, 'USER'),
       (18, 'USER'),
       (19, 'USER'),
       (20, 'USER'),
       (21, 'USER'),
       (22, 'USER'),
       (23, 'USER'),
       (24, 'USER'),
       (25, 'USER'),
       (26, 'USER'),
       (27, 'USER'),
       (28, 'USER'),
       (29, 'USER'),
       (30, 'USER'),
       (31, 'USER'),
       (32, 'USER'),
       (33, 'USER'),
       (34, 'USER'),
       (35, 'USER'),
       (36, 'USER'),
       (37, 'USER'),
       (38, 'USER'),
       (39, 'USER'),
       (40, 'USER'),
       (41, 'USER'),
       (42, 'USER'),
       (43, 'USER'),
       (44, 'USER'),
       (45, 'USER'),
       (46, 'USER'),
       (47, 'USER'),
       (48, 'USER'),
       (49, 'USER'),
       (50, 'USER'),
       (51, 'USER'),
       (52, 'USER'),
       (53, 'USER'),
       (54, 'USER'),
       (55, 'USER'),
       (56, 'USER'),
       (57, 'USER'),
       (58, 'USER'),
       (59, 'USER'),
       (60, 'USER'),
       (61, 'USER'),
       (62, 'USER'),
       (63, 'USER'),
       (64, 'USER'),
       (65, 'USER'),
       (66, 'USER'),
       (67, 'USER'),
       (68, 'USER'),
       (69, 'USER'),
       (70, 'USER'),
       (71, 'USER'),
       (72, 'USER'),
       (73, 'USER'),
       (74, 'USER'),
       (75, 'USER'),
       (76, 'USER'),
       (77, 'USER'),
       (78, 'USER'),
       (79, 'USER'),
       (80, 'USER'),
       (81, 'USER'),
       (82, 'USER'),
       (83, 'USER'),
       (84, 'USER'),
       (85, 'USER'),
       (86, 'USER'),
       (87, 'USER'),
       (88, 'USER'),
       (89, 'USER'),
       (90, 'USER'),
       (91, 'USER'),
       (92, 'USER'),
       (93, 'USER'),
       (94, 'USER'),
       (95, 'USER'),
       (96, 'USER'),
       (97, 'USER'),
       (98, 'USER'),
       (99, 'USER'),
       (100, 'USER'),
       (101, 'USER'),
       (102, 'USER'),
       (103, 'USER'),
       (104, 'USER'),
       (105, 'USER'),
       (106, 'USER'),
       (107, 'USER'),
       (108, 'USER'),
       (109, 'USER'),
       (110, 'USER'),
       (111, 'USER'),
       (112, 'USER'),
       (113, 'USER'),
       (114, 'USER'),
       (115, 'USER'),
       (116, 'USER'),
       (117, 'USER'),
       (118, 'USER'),
       (119, 'USER'),
       (120, 'USER'),
       (121, 'USER'),
       (122, 'USER'),
       (123, 'USER'),
       (124, 'USER'),
       (125, 'USER'),
       (126, 'USER'),
       (127, 'USER'),
       (128, 'USER'),
       (129, 'USER'),
       (130, 'USER'),
       (131, 'USER'),
       (132, 'USER'),
       (133, 'USER'),
       (134, 'USER'),
       (135, 'USER'),
       (136, 'USER'),
       (137, 'USER'),
       (138, 'USER'),
       (139, 'USER'),
       (140, 'USER'),
       (141, 'USER'),
       (142, 'USER'),
       (143, 'USER'),
       (144, 'USER'),
       (145, 'USER'),
       (146, 'USER'),
       (147, 'USER'),
       (148, 'USER'),
       (149, 'USER'),
       (150, 'USER'),
       (151, 'USER'),
       (152, 'USER'),
       (153, 'USER'),
       (154, 'USER'),
       (155, 'USER'),
       (156, 'USER'),
       (157, 'USER'),
       (158, 'USER'),
       (159, 'USER'),
       (160, 'USER'),
       (161, 'USER'),
       (162, 'USER'),
       (163, 'USER'),
       (164, 'USER'),
       (165, 'USER'),
       (166, 'USER'),
       (167, 'USER'),
       (168, 'USER'),
       (169, 'USER'),
       (170, 'USER'),
       (171, 'USER'),
       (172, 'USER'),
       (173, 'USER'),
       (174, 'USER'),
       (175, 'USER'),
       (176, 'USER'),
       (177, 'USER'),
       (178, 'USER'),
       (179, 'USER'),
       (180, 'USER'),
       (181, 'USER'),
       (182, 'USER'),
       (183, 'USER'),
       (184, 'USER'),
       (185, 'USER'),
       (186, 'USER'),
       (187, 'USER'),
       (188, 'USER'),
       (189, 'USER'),
       (190, 'USER'),
       (191, 'USER'),
       (192, 'USER'),
       (193, 'USER'),
       (194, 'USER'),
       (195, 'USER'),
       (196, 'USER'),
       (197, 'USER'),
       (198, 'USER'),
       (199, 'USER'),
       (200, 'USER'),
       (201, 'USER'),
       (202, 'USER'),
       (203, 'USER'),
       (204, 'USER'),
       (205, 'USER'),
       (206, 'USER'),
       (207, 'USER'),
       (208, 'USER'),
       (209, 'USER'),
       (210, 'USER'),
       (211, 'USER'),
       (212, 'USER'),
       (213, 'USER'),
       (214, 'USER'),
       (215, 'USER'),
       (216, 'USER'),
       (217, 'USER'),
       (218, 'USER'),
       (219, 'USER'),
       (220, 'USER'),
       (221, 'USER'),
       (222, 'USER'),
       (223, 'USER'),
       (224, 'USER'),
       (225, 'USER'),
       (226, 'USER'),
       (227, 'USER'),
       (228, 'USER'),
       (229, 'USER'),
       (230, 'USER'),
       (231, 'USER'),
       (232, 'USER'),
       (233, 'USER'),
       (234, 'USER'),
       (235, 'USER'),
       (236, 'USER'),
       (237, 'USER'),
       (238, 'USER'),
       (239, 'USER'),
       (240, 'USER'),
       (241, 'USER'),
       (242, 'USER'),
       (243, 'USER'),
       (244, 'USER'),
       (245, 'USER'),
       (246, 'USER'),
       (247, 'USER'),
       (248, 'USER'),
       (249, 'USER'),
       (250, 'USER'),
       (251, 'USER'),
       (252, 'USER'),
       (253, 'USER'),
       (254, 'USER'),
       (255, 'USER'),
       (256, 'USER'),
       (257, 'USER'),
       (258, 'USER'),
       (259, 'USER'),
       (260, 'USER'),
       (261, 'USER'),
       (262, 'USER'),
       (263, 'USER'),
       (264, 'USER'),
       (265, 'USER'),
       (266, 'USER'),
       (267, 'USER'),
       (268, 'USER'),
       (269, 'USER'),
       (270, 'USER'),
       (271, 'USER'),
       (272, 'USER'),
       (273, 'USER'),
       (274, 'USER'),
       (275, 'USER'),
       (276, 'USER'),
       (277, 'USER'),
       (278, 'USER'),
       (279, 'USER'),
       (280, 'USER'),
       (281, 'USER'),
       (282, 'USER'),
       (283, 'USER'),
       (284, 'USER'),
       (285, 'USER'),
       (286, 'USER'),
       (287, 'USER'),
       (288, 'USER'),
       (289, 'USER'),
       (290, 'USER'),
       (291, 'USER'),
       (292, 'USER'),
       (293, 'USER'),
       (294, 'USER'),
       (295, 'USER'),
       (296, 'USER'),
       (297, 'USER'),
       (298, 'USER'),
       (299, 'USER'),
       (300, 'USER'),
       (301, 'USER'),
       (302, 'USER'),
       (303, 'USER'),
       (304, 'USER'),
       (305, 'USER'),
       (306, 'USER'),
       (307, 'USER'),
       (308, 'USER'),
       (309, 'USER'),
       (310, 'USER'),
       (311, 'USER'),
       (312, 'USER'),
       (313, 'USER'),
       (314, 'USER'),
       (315, 'USER'),
       (316, 'USER'),
       (317, 'USER'),
       (318, 'USER'),
       (319, 'USER'),
       (320, 'USER'),
       (321, 'USER'),
       (322, 'USER'),
       (323, 'USER'),
       (324, 'USER'),
       (325, 'USER'),
       (326, 'USER'),
       (327, 'USER'),
       (328, 'USER'),
       (329, 'USER'),
       (330, 'USER'),
       (331, 'USER'),
       (332, 'USER'),
       (333, 'USER'),
       (334, 'USER'),
       (335, 'USER'),
       (336, 'USER'),
       (337, 'USER'),
       (338, 'USER'),
       (339, 'USER'),
       (340, 'USER'),
       (341, 'USER'),
       (342, 'USER'),
       (343, 'USER'),
       (344, 'USER'),
       (345, 'USER'),
       (346, 'USER'),
       (347, 'USER'),
       (348, 'USER'),
       (349, 'USER'),
       (350, 'USER'),
       (351, 'USER'),
       (352, 'USER'),
       (353, 'USER'),
       (354, 'USER'),
       (355, 'USER'),
       (356, 'USER'),
       (357, 'USER'),
       (358, 'USER'),
       (359, 'USER'),
       (360, 'USER'),
       (361, 'USER'),
       (362, 'USER'),
       (363, 'USER'),
       (364, 'USER'),
       (365, 'USER'),
       (366, 'USER'),
       (367, 'USER'),
       (368, 'USER'),
       (369, 'USER'),
       (370, 'USER'),
       (371, 'USER'),
       (372, 'USER'),
       (373, 'USER'),
       (374, 'USER'),
       (375, 'USER'),
       (376, 'USER'),
       (377, 'USER'),
       (378, 'USER'),
       (379, 'USER'),
       (380, 'USER'),
       (381, 'USER'),
       (382, 'USER'),
       (383, 'USER'),
       (384, 'USER'),
       (385, 'USER'),
       (386, 'USER'),
       (387, 'USER'),
       (388, 'USER'),
       (389, 'USER'),
       (390, 'USER'),
       (391, 'USER'),
       (392, 'USER'),
       (393, 'USER'),
       (394, 'USER'),
       (395, 'USER'),
       (396, 'USER'),
       (397, 'USER'),
       (398, 'USER'),
       (399, 'USER'),
       (400, 'USER'),
       (401, 'USER'),
       (402, 'USER'),
       (403, 'USER'),
       (404, 'USER'),
       (405, 'USER'),
       (406, 'USER'),
       (407, 'USER'),
       (408, 'USER'),
       (409, 'USER'),
       (410, 'USER'),
       (411, 'USER'),
       (412, 'USER'),
       (413, 'USER'),
       (414, 'USER'),
       (415, 'USER'),
       (416, 'USER'),
       (417, 'USER'),
       (418, 'USER'),
       (419, 'USER'),
       (420, 'USER'),
       (421, 'USER'),
       (422, 'USER'),
       (423, 'USER'),
       (424, 'USER'),
       (425, 'USER'),
       (426, 'USER'),
       (427, 'USER'),
       (428, 'USER'),
       (429, 'USER'),
       (430, 'USER'),
       (431, 'USER'),
       (432, 'USER'),
       (433, 'USER'),
       (434, 'USER'),
       (435, 'USER'),
       (436, 'USER'),
       (437, 'USER'),
       (438, 'USER'),
       (439, 'USER'),
       (440, 'USER'),
       (441, 'USER'),
       (442, 'USER'),
       (443, 'USER'),
       (444, 'USER'),
       (445, 'USER'),
       (446, 'USER'),
       (447, 'USER'),
       (448, 'USER'),
       (449, 'USER'),
       (450, 'USER'),
       (451, 'USER'),
       (452, 'USER'),
       (453, 'USER'),
       (454, 'USER'),
       (455, 'USER'),
       (456, 'USER'),
       (457, 'USER'),
       (458, 'USER'),
       (459, 'USER'),
       (460, 'USER'),
       (461, 'USER'),
       (462, 'USER'),
       (463, 'USER'),
       (464, 'USER'),
       (465, 'USER'),
       (466, 'USER'),
       (467, 'USER'),
       (468, 'USER'),
       (469, 'USER'),
       (470, 'USER'),
       (471, 'USER'),
       (472, 'USER'),
       (473, 'USER'),
       (474, 'USER'),
       (475, 'USER'),
       (476, 'USER'),
       (477, 'USER'),
       (478, 'USER'),
       (479, 'USER'),
       (480, 'USER'),
       (481, 'USER'),
       (482, 'USER'),
       (483, 'USER'),
       (484, 'USER'),
       (485, 'USER'),
       (486, 'USER'),
       (487, 'USER'),
       (488, 'USER'),
       (489, 'USER'),
       (490, 'USER'),
       (491, 'USER'),
       (492, 'USER'),
       (493, 'USER'),
       (494, 'USER'),
       (495, 'USER'),
       (496, 'USER'),
       (497, 'USER'),
       (498, 'USER'),
       (499, 'USER'),
       (500, 'USER'),
       (1, 'ADMIN'),
       (2, 'ADMIN'),
       (3, 'ADMIN'),
       (4, 'ADMIN'),
       (5, 'ADMIN'),
       (6, 'ADMIN'),
       (7, 'ADMIN'),
       (8, 'ADMIN'),
       (9, 'ADMIN'),
       (10, 'ADMIN');

-- INSERT INTO m_message (id, text, user_id)
-- values (1, 'kek', 1),
--        (2, 'lol', 2),
--        (3, 'kek lol', 3);

INSERT INTO m_message (id, text, user_id)
values (1,    'kek1',    1),
       (2,    'kek2',    2),
       (3,    'kek3',    3),
       (4,    'kek4',    4),
       (5,    'kek5',    5),
       (6,    'kek6',    6),
       (7,    'kek7',    7),
       (8,    'kek8',    8),
       (9,    'kek9',    9),
       (10,    'kek10',    10),
       (11,    'kek11',    11),
       (12,    'kek12',    12),
       (13,    'kek13',    13),
       (14,    'kek14',    14),
       (15,    'kek15',    15),
       (16,    'kek16',    16),
       (17,    'kek17',    17),
       (18,    'kek18',    18),
       (19,    'kek19',    19),
       (20,    'kek20',    20),
       (21,    'kek21',    21),
       (22,    'kek22',    22),
       (23,    'kek23',    23),
       (24,    'kek24',    24),
       (25,    'kek25',    25),
       (26,    'kek26',    26),
       (27,    'kek27',    27),
       (28,    'kek28',    28),
       (29,    'kek29',    29),
       (30,    'kek30',    30),
       (31,    'kek31',    31),
       (32,    'kek32',    32),
       (33,    'kek33',    33),
       (34,    'kek34',    34),
       (35,    'kek35',    35),
       (36,    'kek36',    36),
       (37,    'kek37',    37),
       (38,    'kek38',    38),
       (39,    'kek39',    39),
       (40,    'kek40',    40),
       (41,    'kek41',    41),
       (42,    'kek42',    42),
       (43,    'kek43',    43),
       (44,    'kek44',    44),
       (45,    'kek45',    45),
       (46,    'kek46',    46),
       (47,    'kek47',    47),
       (48,    'kek48',    48),
       (49,    'kek49',    49),
       (50,    'kek50',    50),
       (51,    'kek51',    51),
       (52,    'kek52',    52),
       (53,    'kek53',    53),
       (54,    'kek54',    54),
       (55,    'kek55',    55),
       (56,    'kek56',    56),
       (57,    'kek57',    57),
       (58,    'kek58',    58),
       (59,    'kek59',    59),
       (60,    'kek60',    60),
       (61,    'kek61',    61),
       (62,    'kek62',    62),
       (63,    'kek63',    63),
       (64,    'kek64',    64),
       (65,    'kek65',    65),
       (66,    'kek66',    66),
       (67,    'kek67',    67),
       (68,    'kek68',    68),
       (69,    'kek69',    69),
       (70,    'kek70',    70),
       (71,    'kek71',    71),
       (72,    'kek72',    72),
       (73,    'kek73',    73),
       (74,    'kek74',    74),
       (75,    'kek75',    75),
       (76,    'kek76',    76),
       (77,    'kek77',    77),
       (78,    'kek78',    78),
       (79,    'kek79',    79),
       (80,    'kek80',    80),
       (81,    'kek81',    81),
       (82,    'kek82',    82),
       (83,    'kek83',    83),
       (84,    'kek84',    84),
       (85,    'kek85',    85),
       (86,    'kek86',    86),
       (87,    'kek87',    87),
       (88,    'kek88',    88),
       (89,    'kek89',    89),
       (90,    'kek90',    90),
       (91,    'kek91',    91),
       (92,    'kek92',    92),
       (93,    'kek93',    93),
       (94,    'kek94',    94),
       (95,    'kek95',    95),
       (96,    'kek96',    96),
       (97,    'kek97',    97),
       (98,    'kek98',    98),
       (99,    'kek99',    99),
       (100,    'kek100',    100),
       (101,    'kek101',    101),
       (102,    'kek102',    102),
       (103,    'kek103',    103),
       (104,    'kek104',    104),
       (105,    'kek105',    105),
       (106,    'kek106',    106),
       (107,    'kek107',    107),
       (108,    'kek108',    108),
       (109,    'kek109',    109),
       (110,    'kek110',    110),
       (111,    'kek111',    111),
       (112,    'kek112',    112),
       (113,    'kek113',    113),
       (114,    'kek114',    114),
       (115,    'kek115',    115),
       (116,    'kek116',    116),
       (117,    'kek117',    117),
       (118,    'kek118',    118),
       (119,    'kek119',    119),
       (120,    'kek120',    120),
       (121,    'kek121',    121),
       (122,    'kek122',    122),
       (123,    'kek123',    123),
       (124,    'kek124',    124),
       (125,    'kek125',    125),
       (126,    'kek126',    126),
       (127,    'kek127',    127),
       (128,    'kek128',    128),
       (129,    'kek129',    129),
       (130,    'kek130',    130),
       (131,    'kek131',    131),
       (132,    'kek132',    132),
       (133,    'kek133',    133),
       (134,    'kek134',    134),
       (135,    'kek135',    135),
       (136,    'kek136',    136),
       (137,    'kek137',    137),
       (138,    'kek138',    138),
       (139,    'kek139',    139),
       (140,    'kek140',    140),
       (141,    'kek141',    141),
       (142,    'kek142',    142),
       (143,    'kek143',    143),
       (144,    'kek144',    144),
       (145,    'kek145',    145),
       (146,    'kek146',    146),
       (147,    'kek147',    147),
       (148,    'kek148',    148),
       (149,    'kek149',    149),
       (150,    'kek150',    150),
       (151,    'kek151',    151),
       (152,    'kek152',    152),
       (153,    'kek153',    153),
       (154,    'kek154',    154),
       (155,    'kek155',    155),
       (156,    'kek156',    156),
       (157,    'kek157',    157),
       (158,    'kek158',    158),
       (159,    'kek159',    159),
       (160,    'kek160',    160),
       (161,    'kek161',    161),
       (162,    'kek162',    162),
       (163,    'kek163',    163),
       (164,    'kek164',    164),
       (165,    'kek165',    165),
       (166,    'kek166',    166),
       (167,    'kek167',    167),
       (168,    'kek168',    168),
       (169,    'kek169',    169),
       (170,    'kek170',    170),
       (171,    'kek171',    171),
       (172,    'kek172',    172),
       (173,    'kek173',    173),
       (174,    'kek174',    174),
       (175,    'kek175',    175),
       (176,    'kek176',    176),
       (177,    'kek177',    177),
       (178,    'kek178',    178),
       (179,    'kek179',    179),
       (180,    'kek180',    180),
       (181,    'kek181',    181),
       (182,    'kek182',    182),
       (183,    'kek183',    183),
       (184,    'kek184',    184),
       (185,    'kek185',    185),
       (186,    'kek186',    186),
       (187,    'kek187',    187),
       (188,    'kek188',    188),
       (189,    'kek189',    189),
       (190,    'kek190',    190),
       (191,    'kek191',    191),
       (192,    'kek192',    192),
       (193,    'kek193',    193),
       (194,    'kek194',    194),
       (195,    'kek195',    195),
       (196,    'kek196',    196),
       (197,    'kek197',    197),
       (198,    'kek198',    198),
       (199,    'kek199',    199),
       (200,    'kek200',    200),
       (201,    'kek201',    201),
       (202,    'kek202',    202),
       (203,    'kek203',    203),
       (204,    'kek204',    204),
       (205,    'kek205',    205),
       (206,    'kek206',    206),
       (207,    'kek207',    207),
       (208,    'kek208',    208),
       (209,    'kek209',    209),
       (210,    'kek210',    210),
       (211,    'kek211',    211),
       (212,    'kek212',    212),
       (213,    'kek213',    213),
       (214,    'kek214',    214),
       (215,    'kek215',    215),
       (216,    'kek216',    216),
       (217,    'kek217',    217),
       (218,    'kek218',    218),
       (219,    'kek219',    219),
       (220,    'kek220',    220),
       (221,    'kek221',    221),
       (222,    'kek222',    222),
       (223,    'kek223',    223),
       (224,    'kek224',    224),
       (225,    'kek225',    225),
       (226,    'kek226',    226),
       (227,    'kek227',    227),
       (228,    'kek228',    228),
       (229,    'kek229',    229),
       (230,    'kek230',    230),
       (231,    'kek231',    231),
       (232,    'kek232',    232),
       (233,    'kek233',    233),
       (234,    'kek234',    234),
       (235,    'kek235',    235),
       (236,    'kek236',    236),
       (237,    'kek237',    237),
       (238,    'kek238',    238),
       (239,    'kek239',    239),
       (240,    'kek240',    240),
       (241,    'kek241',    241),
       (242,    'kek242',    242),
       (243,    'kek243',    243),
       (244,    'kek244',    244),
       (245,    'kek245',    245),
       (246,    'kek246',    246),
       (247,    'kek247',    247),
       (248,    'kek248',    248),
       (249,    'kek249',    249),
       (250,    'kek250',    250),
       (251,    'kek251',    251),
       (252,    'kek252',    252),
       (253,    'kek253',    253),
       (254,    'kek254',    254),
       (255,    'kek255',    255),
       (256,    'kek256',    256),
       (257,    'kek257',    257),
       (258,    'kek258',    258),
       (259,    'kek259',    259),
       (260,    'kek260',    260),
       (261,    'kek261',    261),
       (262,    'kek262',    262),
       (263,    'kek263',    263),
       (264,    'kek264',    264),
       (265,    'kek265',    265),
       (266,    'kek266',    266),
       (267,    'kek267',    267),
       (268,    'kek268',    268),
       (269,    'kek269',    269),
       (270,    'kek270',    270),
       (271,    'kek271',    271),
       (272,    'kek272',    272),
       (273,    'kek273',    273),
       (274,    'kek274',    274),
       (275,    'kek275',    275),
       (276,    'kek276',    276),
       (277,    'kek277',    277),
       (278,    'kek278',    278),
       (279,    'kek279',    279),
       (280,    'kek280',    280),
       (281,    'kek281',    281),
       (282,    'kek282',    282),
       (283,    'kek283',    283),
       (284,    'kek284',    284),
       (285,    'kek285',    285),
       (286,    'kek286',    286),
       (287,    'kek287',    287),
       (288,    'kek288',    288),
       (289,    'kek289',    289),
       (290,    'kek290',    290),
       (291,    'kek291',    291),
       (292,    'kek292',    292),
       (293,    'kek293',    293),
       (294,    'kek294',    294),
       (295,    'kek295',    295),
       (296,    'kek296',    296),
       (297,    'kek297',    297),
       (298,    'kek298',    298),
       (299,    'kek299',    299),
       (300,    'kek300',    300),
       (301,    'kek301',    301),
       (302,    'kek302',    302),
       (303,    'kek303',    303),
       (304,    'kek304',    304),
       (305,    'kek305',    305),
       (306,    'kek306',    306),
       (307,    'kek307',    307),
       (308,    'kek308',    308),
       (309,    'kek309',    309),
       (310,    'kek310',    310),
       (311,    'kek311',    311),
       (312,    'kek312',    312),
       (313,    'kek313',    313),
       (314,    'kek314',    314),
       (315,    'kek315',    315),
       (316,    'kek316',    316),
       (317,    'kek317',    317),
       (318,    'kek318',    318),
       (319,    'kek319',    319),
       (320,    'kek320',    320),
       (321,    'kek321',    321),
       (322,    'kek322',    322),
       (323,    'kek323',    323),
       (324,    'kek324',    324),
       (325,    'kek325',    325),
       (326,    'kek326',    326),
       (327,    'kek327',    327),
       (328,    'kek328',    328),
       (329,    'kek329',    329),
       (330,    'kek330',    330),
       (331,    'kek331',    331),
       (332,    'kek332',    332),
       (333,    'kek333',    333),
       (334,    'kek334',    334),
       (335,    'kek335',    335),
       (336,    'kek336',    336),
       (337,    'kek337',    337),
       (338,    'kek338',    338),
       (339,    'kek339',    339),
       (340,    'kek340',    340),
       (341,    'kek341',    341),
       (342,    'kek342',    342),
       (343,    'kek343',    343),
       (344,    'kek344',    344),
       (345,    'kek345',    345),
       (346,    'kek346',    346),
       (347,    'kek347',    347),
       (348,    'kek348',    348),
       (349,    'kek349',    349),
       (350,    'kek350',    350),
       (351,    'kek351',    351),
       (352,    'kek352',    352),
       (353,    'kek353',    353),
       (354,    'kek354',    354),
       (355,    'kek355',    355),
       (356,    'kek356',    356),
       (357,    'kek357',    357),
       (358,    'kek358',    358),
       (359,    'kek359',    359),
       (360,    'kek360',    360),
       (361,    'kek361',    361),
       (362,    'kek362',    362),
       (363,    'kek363',    363),
       (364,    'kek364',    364),
       (365,    'kek365',    365),
       (366,    'kek366',    366),
       (367,    'kek367',    367),
       (368,    'kek368',    368),
       (369,    'kek369',    369),
       (370,    'kek370',    370),
       (371,    'kek371',    371),
       (372,    'kek372',    372),
       (373,    'kek373',    373),
       (374,    'kek374',    374),
       (375,    'kek375',    375),
       (376,    'kek376',    376),
       (377,    'kek377',    377),
       (378,    'kek378',    378),
       (379,    'kek379',    379),
       (380,    'kek380',    380),
       (381,    'kek381',    381),
       (382,    'kek382',    382),
       (383,    'kek383',    383),
       (384,    'kek384',    384),
       (385,    'kek385',    385),
       (386,    'kek386',    386),
       (387,    'kek387',    387),
       (388,    'kek388',    388),
       (389,    'kek389',    389),
       (390,    'kek390',    390),
       (391,    'kek391',    391),
       (392,    'kek392',    392),
       (393,    'kek393',    393),
       (394,    'kek394',    394),
       (395,    'kek395',    395),
       (396,    'kek396',    396),
       (397,    'kek397',    397),
       (398,    'kek398',    398),
       (399,    'kek399',    399),
       (400,    'kek400',    400),
       (401,    'kek401',    401),
       (402,    'kek402',    402),
       (403,    'kek403',    403),
       (404,    'kek404',    404),
       (405,    'kek405',    405),
       (406,    'kek406',    406),
       (407,    'kek407',    407),
       (408,    'kek408',    408),
       (409,    'kek409',    409),
       (410,    'kek410',    410),
       (411,    'kek411',    411),
       (412,    'kek412',    412),
       (413,    'kek413',    413),
       (414,    'kek414',    414),
       (415,    'kek415',    415),
       (416,    'kek416',    416),
       (417,    'kek417',    417),
       (418,    'kek418',    418),
       (419,    'kek419',    419),
       (420,    'kek420',    420),
       (421,    'kek421',    421),
       (422,    'kek422',    422),
       (423,    'kek423',    423),
       (424,    'kek424',    424),
       (425,    'kek425',    425),
       (426,    'kek426',    426),
       (427,    'kek427',    427),
       (428,    'kek428',    428),
       (429,    'kek429',    429),
       (430,    'kek430',    430),
       (431,    'kek431',    431),
       (432,    'kek432',    432),
       (433,    'kek433',    433),
       (434,    'kek434',    434),
       (435,    'kek435',    435),
       (436,    'kek436',    436),
       (437,    'kek437',    437),
       (438,    'kek438',    438),
       (439,    'kek439',    439),
       (440,    'kek440',    440),
       (441,    'kek441',    441),
       (442,    'kek442',    442),
       (443,    'kek443',    443),
       (444,    'kek444',    444),
       (445,    'kek445',    445),
       (446,    'kek446',    446),
       (447,    'kek447',    447),
       (448,    'kek448',    448),
       (449,    'kek449',    449),
       (450,    'kek450',    450),
       (451,    'kek451',    451),
       (452,    'kek452',    452),
       (453,    'kek453',    453),
       (454,    'kek454',    454),
       (455,    'kek455',    455),
       (456,    'kek456',    456),
       (457,    'kek457',    457),
       (458,    'kek458',    458),
       (459,    'kek459',    459),
       (460,    'kek460',    460),
       (461,    'kek461',    461),
       (462,    'kek462',    462),
       (463,    'kek463',    463),
       (464,    'kek464',    464),
       (465,    'kek465',    465),
       (466,    'kek466',    466),
       (467,    'kek467',    467),
       (468,    'kek468',    468),
       (469,    'kek469',    469),
       (470,    'kek470',    470),
       (471,    'kek471',    471),
       (472,    'kek472',    472),
       (473,    'kek473',    473),
       (474,    'kek474',    474),
       (475,    'kek475',    475),
       (476,    'kek476',    476),
       (477,    'kek477',    477),
       (478,    'kek478',    478),
       (479,    'kek479',    479),
       (480,    'kek480',    480),
       (481,    'kek481',    481),
       (482,    'kek482',    482),
       (483,    'kek483',    483),
       (484,    'kek484',    484),
       (485,    'kek485',    485),
       (486,    'kek486',    486),
       (487,    'kek487',    487),
       (488,    'kek488',    488),
       (489,    'kek489',    489),
       (490,    'kek490',    490),
       (491,    'kek491',    491),
       (492,    'kek492',    492),
       (493,    'kek493',    493),
       (494,    'kek494',    494),
       (495,    'kek495',    495),
       (496,    'kek496',    496),
       (497,    'kek497',    497),
       (498,    'kek498',    498),
       (499,    'kek499',    499),
       (500,    'kek500',    500);

INSERT INTO m_goods (id, good_name)
VALUES (1, 'milk'),
       (2, 'cola'),
       (3, 'meat'),
       (4, 'juice'),
       (5, 'apple'),
       (6, 'bear'),
       (7, 'cheese'),
       (8, 'sauce'),
       (9, 'biscuits'),
       (10, 'sausage'),
       (11, 'ice cream'),
       (12, 'fish'),
       (13, 'pizza'),
       (14, 'water'),
       (15, 'chocolate'),
       (16, 'potato'),
       (17, 'tomato'),
       (18, 'onion'),
       (19, 'garlic'),
       (20, 'Strawberry');

INSERT INTO l_user_goods (good_id, user_id)
VALUES (1, 1),
       (1, 2),
       (7, 3),
       (9, 2),
       (11, 2),
       (12, 3),
       (20, 2),
       (1, 3),
       (12, 2),
       (1, 18),
       (14, 12),
       (16, 27),
       (15, 25),
       (1, 12),
       (1, 13),
       (7, 8),
       (10, 9),
       (5, 40),
       (5, 3),
       (5, 2),
       (6, 7),
       (10, 14),
       (3, 4),
       (3, 5),
       (5, 5);